year,"last_name, first_name",avg_speed,pitch_type,pitch_type_name
2024,"Gore, MacKenzie",96,FF,4-Seam Fastball
2024,"Peralta, Freddy",94.3,FF,4-Seam Fastball
2024,"Rodón, Carlos",95.4,FF,4-Seam Fastball
2024,"Gausman, Kevin",94,FF,4-Seam Fastball
2024,"Greene, Hunter",97.6,FF,4-Seam Fastball
2024,"Heaney, Andrew",91.6,FF,4-Seam Fastball
2024,"Cease, Dylan",96.9,FF,4-Seam Fastball
2024,"Kikuchi, Yusei",95.5,FF,4-Seam Fastball
2024,"Cease, Dylan",87.7,SL,Slider
2024,"Burnes, Corbin",95.3,FC,Cutter
2024,"Imanaga, Shota",91.7,FF,4-Seam Fastball
2024,"Nelson, Ryne",95.2,FF,4-Seam Fastball
2024,"Sánchez, Cristopher",94.5,SI,Sinker
2024,"Ragans, Cole",95.4,FF,4-Seam Fastball
2024,"Gil, Luis",96.6,FF,4-Seam Fastball
2024,"Castillo, Luis",95.6,FF,4-Seam Fastball
2024,"Wheeler, Zack",95.3,FF,4-Seam Fastball
2024,"Crochet, Garrett",97.1,FF,4-Seam Fastball
2024,"Webb, Logan",92.6,SI,Sinker
2024,"Cortes, Nestor",92.1,FF,4-Seam Fastball
2024,"Abbott, Andrew",92.8,FF,4-Seam Fastball
2024,"Bibee, Tanner",94.6,FF,4-Seam Fastball
2024,"Singer, Brady",92.2,SI,Sinker
2024,"Steele, Justin",91.6,FF,4-Seam Fastball
2024,"Bassitt, Chris",92.5,SI,Sinker
2024,"López, Pablo",95,FF,4-Seam Fastball
2024,"Valdez, Framber",94.1,SI,Sinker
2024,"Singer, Brady",83,SL,Slider
2024,"Harrison, Kyle",92.6,FF,4-Seam Fastball
2024,"Morton, Charlie",81.5,CU,Curveball
2024,"Parker, Mitchell",92.5,FF,4-Seam Fastball
2024,"López, Reynaldo",95.5,FF,4-Seam Fastball
2024,"Gallen, Zac",93.7,FF,4-Seam Fastball
2024,"Pivetta, Nick",93.9,FF,4-Seam Fastball
2024,"Miller, Bryce",95.2,FF,4-Seam Fastball
2024,"Anderson, Tyler",89.5,FF,4-Seam Fastball
2024,"Irvin, Jake",93.9,FF,4-Seam Fastball
2024,"Sale, Chris",78.6,SL,Slider
2024,"Flaherty, Jack",93.3,FF,4-Seam Fastball
2024,"Houck, Tanner",83.2,ST,Sweeper
2024,"Suárez, Albert",94.8,FF,4-Seam Fastball
2024,"Bello, Brayan",95.7,SI,Sinker
2024,"Pepiot, Ryan",94.9,FF,4-Seam Fastball
2024,"Anderson, Tyler",78.9,CH,Changeup
2024,"Sale, Chris",94.8,FF,4-Seam Fastball
2024,"Canning, Griffin",93.4,FF,4-Seam Fastball
2024,"Gomber, Austin",90.4,FF,4-Seam Fastball
2024,"Blanco, Ronel",93.4,FF,4-Seam Fastball
2024,"Nola, Aaron",79.1,CU,Curveball
2024,"Estes, Joey",92.4,FF,4-Seam Fastball
2024,"Flexen, Chris",91.3,FF,4-Seam Fastball
2024,"Sears, JP",91.9,FF,4-Seam Fastball
2024,"Severino, Luis",96.2,FF,4-Seam Fastball
2024,"Corbin, Patrick",91.5,SI,Sinker
2024,"Ober, Bailey",91.7,FF,4-Seam Fastball
2024,"Ryan, Joe",94,FF,4-Seam Fastball
2024,"Arrighetti, Spencer",94.1,FF,4-Seam Fastball
2024,"Hicks, Jordan",94.5,SI,Sinker
2024,"Kirby, George",96,FF,4-Seam Fastball
2024,"Brown, Hunter",96,FF,4-Seam Fastball
2024,"Falter, Bailey",91.9,FF,4-Seam Fastball
2024,"Sánchez, Cristopher",85.1,CH,Changeup
2024,"Webb, Logan",87.4,CH,Changeup
2024,"Corbin, Patrick",80,SL,Slider
2024,"Spence, Mitch",90.7,FC,Cutter
2024,"Eovaldi, Nathan",95.4,FF,4-Seam Fastball
2024,"Pallante, Andre",94.5,FF,4-Seam Fastball
2024,"Berríos, José",93.4,SI,Sinker
2024,"Gilbert, Logan",88.4,SL,Slider
2024,"Lynn, Lance",92.3,FF,4-Seam Fastball
2024,"Gausman, Kevin",86,FS,Split-Finger
2024,"Bradley, Taj",96.4,FF,4-Seam Fastball
2024,"Crawford, Kutter",92.6,FF,4-Seam Fastball
2024,"Irvin, Jake",81.1,CU,Curveball
2024,"Quantrill, Cal",93.9,FF,4-Seam Fastball
2024,"Jones, Jared",97.3,FF,4-Seam Fastball
2024,"Skubal, Tarik",96.9,FF,4-Seam Fastball
2024,"Stroman, Marcus",90,SI,Sinker
2024,"Gilbert, Logan",96.6,FF,4-Seam Fastball
2024,"Waldron, Matt",77.6,KN,Knuckleball
2024,"Fedde, Erick",89.9,FC,Cutter
2024,"Pfaadt, Brandon",93.8,FF,4-Seam Fastball
2024,"Manaea, Sean",92.2,FF,4-Seam Fastball
2024,"Paxton, James",93.2,FF,4-Seam Fastball
2024,"Feltner, Ryan",94.6,FF,4-Seam Fastball
2024,"Woods Richardson, Simeon",93.1,FF,4-Seam Fastball
2024,"Glasnow, Tyler",96.3,FF,4-Seam Fastball
2024,"Crawford, Kutter",87.5,FC,Cutter
2024,"Assad, Javier",91.4,SI,Sinker
2024,"Rodriguez, Grayson",96.1,FF,4-Seam Fastball
2024,"Kopech, Michael",98.7,FF,4-Seam Fastball
2024,"Fried, Max",93.9,FF,4-Seam Fastball
2024,"Greene, Hunter",86.8,SL,Slider
2024,"Nola, Aaron",92.5,FF,4-Seam Fastball
2024,"Fedde, Erick",93,SI,Sinker
2024,"Houck, Tanner",93.5,SI,Sinker
2024,"Myers, Tobias",92.9,FF,4-Seam Fastball
2024,"Civale, Aaron",88.1,FC,Cutter
2024,"Montas, Frankie",95.6,FF,4-Seam Fastball
2024,"Littell, Zack",86.6,SL,Slider
2024,"Keller, Mitch",94.4,FF,4-Seam Fastball
2024,"Herz, DJ",93.5,FF,4-Seam Fastball
2024,"Quintana, Jose",90.8,SI,Sinker
2024,"Vodnik, Victor",98,FF,4-Seam Fastball
2024,"Quantrill, Cal",86.6,FS,Split-Finger
2024,"Wacha, Michael",81.2,CH,Changeup
2024,"Woo, Bryan",94.8,FF,4-Seam Fastball
2024,"Skenes, Paul",98.8,FF,4-Seam Fastball
2024,"Berríos, José",83.2,SV,Slurve
2024,"Hader, Josh",96.1,SI,Sinker
2024,"Blanco, Ronel",86.4,SL,Slider
2024,"Hendricks, Kyle",80.9,CH,Changeup
2024,"Snell, Blake",95.9,FF,4-Seam Fastball
2024,"Rea, Colin",92.3,SI,Sinker
2024,"Valdez, Framber",79.7,CU,Curveball
2024,"Spence, Mitch",84.3,SL,Slider
2024,"Eovaldi, Nathan",88.4,FS,Split-Finger
2024,"King, Michael",92.9,SI,Sinker
2024,"Soriano, José",97.7,SI,Sinker
2024,"Pérez, Martín",90.7,SI,Sinker
2024,"Smith, Cade",96,FF,4-Seam Fastball
2024,"Rodón, Carlos",86.8,SL,Slider
2024,"Marsh, Alec",94.2,FF,4-Seam Fastball
2024,"Francis, Bowden",92.9,FF,4-Seam Fastball
2024,"Morton, Charlie",94.1,FF,4-Seam Fastball
2024,"Cortes, Nestor",87.5,FC,Cutter
2024,"Imanaga, Shota",82.9,FS,Split-Finger
2024,"Ober, Bailey",83.4,CH,Changeup
2024,"Robertson, David",93.3,FC,Cutter
2024,"Verlander, Justin",93.5,FF,4-Seam Fastball
2024,"Skubal, Tarik",86.3,CH,Changeup
2024,"Clase, Emmanuel",99.5,FC,Cutter
2024,"Canning, Griffin",88.6,CH,Changeup
2024,"Pfaadt, Brandon",84.8,ST,Sweeper
2024,"Hendricks, Kyle",87.6,SI,Sinker
2024,"Mikolas, Miles",93.2,FF,4-Seam Fastball
2024,"Bello, Brayan",86.8,ST,Sweeper
2024,"Manaea, Sean",92.4,SI,Sinker
2024,"Lugo, Seth",92.2,FF,4-Seam Fastball
2024,"Ureña, José",96,SI,Sinker
2024,"Flaherty, Jack",84.7,SL,Slider
2024,"Kinley, Tyler",89.5,SL,Slider
2024,"Heaney, Andrew",82.6,SL,Slider
2024,"Ragans, Cole",84.8,CH,Changeup
2024,"Suárez, Ranger",90.8,SI,Sinker
2024,"Bibee, Tanner",86.4,FC,Cutter
2024,"Lively, Ben",89.9,FF,4-Seam Fastball
2024,"Flexen, Chris",87.4,FC,Cutter
2024,"Taillon, Jameson",92.3,FF,4-Seam Fastball
2024,"Bello, Brayan",87.6,CH,Changeup
2024,"Gibson, Kyle",90.7,SI,Sinker
2024,"Finnegan, Kyle",97.2,FF,4-Seam Fastball
2024,"Gray, Jon",94.9,FF,4-Seam Fastball
2024,"Lively, Ben",90.4,SI,Sinker
2024,"Woods Richardson, Simeon",86.4,SL,Slider
2024,"King, Michael",86.7,CH,Changeup
2024,"Severino, Luis",95.6,SI,Sinker
2024,"Rogers, Trevor",91.9,FF,4-Seam Fastball
2024,"Gray, Jon",88.6,SL,Slider
2024,"Sears, JP",78.7,ST,Sweeper
2024,"Cecconi, Slade",94.4,FF,4-Seam Fastball
2024,"Eflin, Zach",91.7,SI,Sinker
2024,"Williams, Gavin",96.6,FF,4-Seam Fastball
2024,"Kirby, George",96,SI,Sinker
2024,"Kirby, George",87.2,SL,Slider
2024,"Kikuchi, Yusei",88.3,SL,Slider
2024,"Kremer, Dean",93.4,FF,4-Seam Fastball
2024,"King, Michael",93.7,FF,4-Seam Fastball
2024,"Vesia, Alex",93.4,FF,4-Seam Fastball
2024,"Cole, Gerrit",95.9,FF,4-Seam Fastball
2024,"Akin, Keegan",93.9,FF,4-Seam Fastball
2024,"Gallen, Zac",81,CU,Curveball
2024,"Suarez, Robert",99.1,FF,4-Seam Fastball
2024,"Gil, Luis",87.5,SL,Slider
2024,"Eflin, Zach",88.2,FC,Cutter
2024,"Canning, Griffin",87.7,SL,Slider
2024,"Abreu, Bryan",86.2,SL,Slider
2024,"Scott, Tanner",97,FF,4-Seam Fastball
2024,"Mize, Casey",95.5,FF,4-Seam Fastball
2024,"Crochet, Garrett",91.5,FC,Cutter
2024,"McKenzie, Triston",91.1,FF,4-Seam Fastball
2024,"Houck, Tanner",88.4,FS,Split-Finger
2024,"Webb, Logan",83.8,ST,Sweeper
2024,"Harris, Hogan",92.9,FF,4-Seam Fastball
2024,"Hill, Tim",88.7,SI,Sinker
2024,"Jansen, Kenley",92.2,FC,Cutter
2024,"Gil, Luis",91.6,CH,Changeup
2024,"Hjelle, Sean",94.6,SI,Sinker
2024,"Jones, Jared",88.8,SL,Slider
2024,"Walker, Ryan",95.6,SI,Sinker
2024,"Rainey, Tanner",94,FF,4-Seam Fastball
2024,"Weaver, Luke",95.7,FF,4-Seam Fastball
2024,"Peralta, Freddy",81.5,SL,Slider
2024,"Detmers, Reid",93.8,FF,4-Seam Fastball
2024,"Beeks, Jalen",94.5,FF,4-Seam Fastball
2024,"Mikolas, Miles",86.5,SL,Slider
2024,"Johnson, Pierce",85.4,CU,Curveball
2024,"Nola, Aaron",91.5,SI,Sinker
2024,"López, Pablo",84.5,ST,Sweeper
2024,"Civale, Aaron",92.6,SI,Sinker
2024,"Vest, Will",96.1,FF,4-Seam Fastball
2024,"Ashcraft, Graham",95.6,FC,Cutter
2024,"Miller, Mason",100.9,FF,4-Seam Fastball
2024,"Burnes, Corbin",80.3,CU,Curveball
2024,"Rogers, Tyler",82.4,SI,Sinker
2024,"Dunning, Dane",89.7,SI,Sinker
2024,"Castillo, Luis",85.7,SL,Slider
2024,"Montero, Keider",94.7,FF,4-Seam Fastball
2024,"Megill, Tylor",95.7,FF,4-Seam Fastball
2024,"Kelly, Kevin",90.8,SI,Sinker
2024,"Quintana, Jose",90.7,FF,4-Seam Fastball
2024,"Kimbrel, Craig",93.9,FF,4-Seam Fastball
2024,"Irvin, Jake",93.3,SI,Sinker
2024,"Miller, Erik",96.9,FF,4-Seam Fastball
2024,"Richards, Trevor",79.2,CH,Changeup
2024,"Lawrence, Justin",94.6,SI,Sinker
2024,"Thompson, Ryan",91,SI,Sinker
2024,"Paddack, Chris",93.3,FF,4-Seam Fastball
2024,"Kochanowicz, Jack",95.8,SI,Sinker
2024,"Ginkel, Kevin",96,FF,4-Seam Fastball
2024,"Alvarado, José",97.8,SI,Sinker
2024,"Yates, Kirby",93.2,FF,4-Seam Fastball
2024,"Mikolas, Miles",92.4,SI,Sinker
2024,"Taillon, Jameson",86.5,FC,Cutter
2024,"Allen, Logan",91.2,FF,4-Seam Fastball
2024,"Keller, Mitch",93.4,SI,Sinker
2024,"López, Reynaldo",85,SL,Slider
2024,"Birdsong, Hayden",95.8,FF,4-Seam Fastball
2024,"Mears, Nick",96.7,FF,4-Seam Fastball
2024,"Pfaadt, Brandon",93.7,SI,Sinker
2024,"Bradley, Taj",90.9,FS,Split-Finger
2024,"Rodríguez, Yariel",93.9,FF,4-Seam Fastball
2024,"Quintana, Jose",77.6,CU,Curveball
2024,"Bradford, Cody",89.8,FF,4-Seam Fastball
2024,"Pivetta, Nick",82.4,ST,Sweeper
2024,"Holmes, Clay",96.6,SI,Sinker
2024,"Maeda, Kenta",83.9,FS,Split-Finger
2024,"Ureña, José",87,SL,Slider
2024,"Blanco, Ronel",85.2,CH,Changeup
2024,"Steele, Justin",83.3,SL,Slider
2024,"Wacha, Michael",93.6,FF,4-Seam Fastball
2024,"Kerkering, Orion",86.2,ST,Sweeper
2024,"Skenes, Paul",94,FS,Split-Finger
2024,"Abreu, Bryan",96.7,FF,4-Seam Fastball
2024,"López, Pablo",88.5,CH,Changeup
2024,"Wheeler, Zack",94.6,SI,Sinker
2024,"Montgomery, Jordan",91.8,SI,Sinker
2024,"Yamamoto, Yoshinobu",95.5,FF,4-Seam Fastball
2024,"Adams, Austin",87.7,SL,Slider
2024,"Montgomery, Jordan",79.2,CU,Curveball
2024,"Gray, Sonny",92.4,FF,4-Seam Fastball
2024,"Gomber, Austin",77.6,CU,Curveball
2024,"Peterson, David",91.9,SI,Sinker
2024,"Bassitt, Chris",89.6,FC,Cutter
2024,"Skubal, Tarik",96.6,SI,Sinker
2024,"Gibson, Kyle",88.6,FC,Cutter
2024,"Scott, Tayler",92.7,FF,4-Seam Fastball
2024,"Fedde, Erick",83.5,ST,Sweeper
2024,"Gore, MacKenzie",82.8,CU,Curveball
2024,"Cabrera, Edward",93,CH,Changeup
2024,"Stanek, Ryne",97.8,FF,4-Seam Fastball
2024,"Baz, Shane",95.6,FF,4-Seam Fastball
2024,"Fried, Max",74.6,CU,Curveball
2024,"Koenig, Jared",95,SI,Sinker
2024,"Blach, Ty",89.1,SI,Sinker
2024,"Lugo, Seth",92.1,SI,Sinker
2024,"Littell, Zack",83,FS,Split-Finger
2024,"Stone, Gavin",87.5,CH,Changeup
2024,"Ortiz, Luis L.",85.8,SL,Slider
2024,"Wilson, Bryse",88.8,FC,Cutter
2024,"Ortiz, Luis L.",95.9,FF,4-Seam Fastball
2024,"Fernandez, Ryan",87.3,SL,Slider
2024,"Rogers, Taylor",93,SI,Sinker
2024,"Harvey, Hunter",97.8,FF,4-Seam Fastball
2024,"Boyle, Joe",97.7,FF,4-Seam Fastball
2024,"Doval, Camilo",88.8,SL,Slider
2024,"Gibson, Kyle",80.7,ST,Sweeper
2024,"Cannon, Jonathan",93.3,SI,Sinker
2024,"Bednar, David",97.2,FF,4-Seam Fastball
2024,"Manaea, Sean",77.6,ST,Sweeper
2024,"Estrada, Jeremiah",97.2,FF,4-Seam Fastball
2024,"Povich, Cade",92.4,FF,4-Seam Fastball
2024,"Díaz, Alexis",93.9,FF,4-Seam Fastball
2024,"Lorenzen, Michael",93.8,FF,4-Seam Fastball
2024,"Cronin, Declan",87.1,SL,Slider
2024,"Flaherty, Jack",77.4,CU,Curveball
2024,"Glasnow, Tyler",90,SL,Slider
2024,"De Los Santos, Enyel",95.5,FF,4-Seam Fastball
2024,"Weathers, Ryan",95.9,FF,4-Seam Fastball
2024,"Ortiz, Luis L.",94.9,SI,Sinker
2024,"Stone, Gavin",94.9,FF,4-Seam Fastball
2024,"Corbin, Patrick",85.7,FC,Cutter
2024,"Avila, Pedro",93.4,FF,4-Seam Fastball
2024,"Littell, Zack",92.4,FF,4-Seam Fastball
2024,"Nardi, Andrew",94,FF,4-Seam Fastball
2024,"Barnes, Jacob",89.8,FC,Cutter
2024,"Sears, JP",84,CH,Changeup
2024,"Assad, Javier",87.9,FC,Cutter
2024,"Kahnle, Tommy",87.4,CH,Changeup
2024,"Walker, Ryan",83.9,SL,Slider
2024,"Schwellenbach, Spencer",96.1,FF,4-Seam Fastball
2024,"Quintana, Jose",85.7,CH,Changeup
2024,"Berríos, José",94.1,FF,4-Seam Fastball
2024,"Parker, Mitchell",80.5,CU,Curveball
2024,"Rogers, Trevor",91.5,SI,Sinker
2024,"Pop, Zach",96.2,SI,Sinker
2024,"Jiménez, Joe",84.6,SL,Slider
2024,"Gomber, Austin",81.1,CH,Changeup
2024,"Richards, Trevor",92.3,FF,4-Seam Fastball
2024,"Tonkin, Michael",93.2,FF,4-Seam Fastball
2024,"Peralta, Freddy",87.7,CH,Changeup
2024,"Chavez, Jesse",88.8,FC,Cutter
2024,"Knack, Landon",93.5,FF,4-Seam Fastball
2024,"Brown, Ben",96.4,FF,4-Seam Fastball
2024,"Lodolo, Nick",94.2,FF,4-Seam Fastball
2024,"Alexander, Tyler",85,FC,Cutter
2024,"Barnes, Jacob",95.4,FF,4-Seam Fastball
2024,"Wilson, Bryse",93.1,SI,Sinker
2024,"Rogers, Trevor",85.6,CH,Changeup
2024,"Martinez, Justin",100.2,SI,Sinker
2024,"Feltner, Ryan",88.6,SL,Slider
2024,"Anderson, Tyler",84.3,FC,Cutter
2024,"Brown, Hunter",95.6,SI,Sinker
2024,"Strahm, Matt",93.4,FF,4-Seam Fastball
2024,"Mayza, Tim",92.5,SI,Sinker
2024,"Ober, Bailey",86.2,SL,Slider
2024,"Nicolas, Kyle",97.4,FF,4-Seam Fastball
2024,"Kikuchi, Yusei",82.4,CU,Curveball
2024,"Crawford, Kutter",80.8,ST,Sweeper
2024,"Criswell, Cooper",89.1,SI,Sinker
2024,"Rea, Colin",93,FF,4-Seam Fastball
2024,"Paxton, James",80.8,CU,Curveball
2024,"Lodolo, Nick",94.1,SI,Sinker
2024,"Bradley, Taj",90.9,FC,Cutter
2024,"Castillo, Luis",95.6,SI,Sinker
2024,"Rea, Colin",87.6,FC,Cutter
2024,"Law, Derek",91.5,FC,Cutter
2024,"Brebbia, John",83.1,SL,Slider
2024,"Miller, Shelby",93.5,FF,4-Seam Fastball
2024,"Olson, Reese",84.8,SL,Slider
2024,"King, Michael",82,ST,Sweeper
2024,"Bibee, Tanner",82.5,CH,Changeup
2024,"Cano, Yennier",96,SI,Sinker
2024,"Rogers, Taylor",79.3,ST,Sweeper
2024,"Schmidt, Clarke",92.4,FC,Cutter
2024,"Lodolo, Nick",81.7,CU,Curveball
2024,"Kittredge, Andrew",88.1,SL,Slider
2024,"Montas, Frankie",94.8,SI,Sinker
2024,"Puk, A.J.",95.6,FF,4-Seam Fastball
2024,"Molina, Anthony",94.8,FF,4-Seam Fastball
2024,"King, John",93.5,SI,Sinker
2024,"Pepiot, Ryan",85.8,CH,Changeup
2024,"Tonkin, Michael",83.9,SL,Slider
2024,"Houser, Adrian",92.5,SI,Sinker
2024,"Jiménez, Joe",94.5,FF,4-Seam Fastball
2024,"Green, Chad",95.5,FF,4-Seam Fastball
2024,"Estévez, Carlos",96.8,FF,4-Seam Fastball
2024,"Lugo, Seth",79.8,CU,Curveball
2024,"Floro, Dylan",89.9,SI,Sinker
2024,"Hudson, Daniel",95.1,FF,4-Seam Fastball
2024,"Pérez, Martín",83.4,CH,Changeup
2024,"Gray, Sonny",84.8,ST,Sweeper
2024,"Foley, Jason",96.9,SI,Sinker
2024,"Kremer, Dean",86.9,FC,Cutter
2024,"Garcia, Robert",94.5,FF,4-Seam Fastball
2024,"Arrighetti, Spencer",78.4,CU,Curveball
2024,"Severino, Luis",85.1,ST,Sweeper
2024,"Smyly, Drew",80,CU,Curveball
2024,"Montas, Frankie",90.3,FC,Cutter
2024,"Shuster, Jared",92.5,FF,4-Seam Fastball
2024,"Hudson, Dakota",90.4,SI,Sinker
2024,"Peterson, David",93.1,FF,4-Seam Fastball
2024,"Arrighetti, Spencer",88.2,FC,Cutter
2024,"Myers, Tobias",89.2,FC,Cutter
2024,"Fernandez, Ryan",95.5,FF,4-Seam Fastball
2024,"Neris, Héctor",92.9,FF,4-Seam Fastball
2024,"Pearson, Nate",97.7,FF,4-Seam Fastball
2024,"Waldron, Matt",79.3,ST,Sweeper
2024,"Pérez, Martín",87.9,FC,Cutter
2024,"Stroman, Marcus",88.1,FC,Cutter
2024,"Smyly, Drew",92.6,SI,Sinker
2024,"De Los Santos, Enyel",86.4,SL,Slider
2024,"Hudson, Bryan",91.3,FF,4-Seam Fastball
2024,"Suárez, Ranger",74.4,CU,Curveball
2024,"Montas, Frankie",86,FS,Split-Finger
2024,"Gaddis, Hunter",89.1,SL,Slider
2024,"Martinez, Nick",92.6,FF,4-Seam Fastball
2024,"Brebbia, John",93.8,FF,4-Seam Fastball
2024,"Irvin, Cole",91.9,FF,4-Seam Fastball
2024,"Jackson, Luke",87.3,SL,Slider
2024,"Megill, Trevor",98.8,FF,4-Seam Fastball
2024,"Brown, Hunter",92.4,FC,Cutter
2024,"Cruz, Fernando",81.5,FS,Split-Finger
2024,"Díaz, Edwin",97.5,FF,4-Seam Fastball
2024,"Miller, Bryce",94.7,SI,Sinker
2024,"Fedde, Erick",87.7,CH,Changeup
2024,"Vásquez, Randy",94.3,FF,4-Seam Fastball
2024,"Scott, Tanner",88.5,SL,Slider
2024,"Cabrera, Edward",96.3,FF,4-Seam Fastball
2024,"Hicks, Jordan",81.1,ST,Sweeper
2024,"Criswell, Cooper",76.8,ST,Sweeper
2024,"Lee, Dylan",84,SL,Slider
2024,"García, Luis",96.4,SI,Sinker
2024,"Freeland, Kyle",91.2,SI,Sinker
2024,"Miller, Bryce",84.4,FS,Split-Finger
2024,"Sánchez, Cristopher",84.4,SL,Slider
2024,"Soroka, Michael",82,SL,Slider
2024,"Ryan, Joe",88.5,FS,Split-Finger
2024,"Soroka, Michael",93.5,FF,4-Seam Fastball
2024,"Mize, Casey",85.8,SL,Slider
2024,"Stone, Gavin",95.3,SI,Sinker
2024,"Berríos, José",84.8,CH,Changeup
2024,"Spiers, Carson",92.4,FF,4-Seam Fastball
2024,"Harrison, Kyle",80.6,SV,Slurve
2024,"Rogers, Trevor",82.4,SL,Slider
2024,"Heaney, Andrew",83.7,CH,Changeup
2024,"Snell, Blake",81.1,CU,Curveball
2024,"Suárez, Ranger",91.9,FF,4-Seam Fastball
2024,"Falter, Bailey",86.1,SL,Slider
2024,"Eflin, Zach",78.8,CU,Curveball
2024,"Martinez, Nick",80.1,CH,Changeup
2024,"Criswell, Cooper",84.4,CH,Changeup
2024,"Fried, Max",93.5,SI,Sinker
2024,"Parker, Mitchell",85.6,FS,Split-Finger
2024,"Waldron, Matt",90.7,FF,4-Seam Fastball
2024,"Brieske, Beau",95.9,FF,4-Seam Fastball
2024,"Ginkel, Kevin",87.4,SL,Slider
2024,"Myers, Tobias",85.5,SL,Slider
2024,"Lynn, Lance",88.1,FC,Cutter
2024,"Valdez, Framber",89.9,CH,Changeup
2024,"Weems, Jordan",96,FF,4-Seam Fastball
2024,"Soto, Gregory",97.4,SI,Sinker
2024,"Matz, Steven",93.9,SI,Sinker
2024,"Cortes, Nestor",78,ST,Sweeper
2024,"Helsley, Ryan",89.2,SL,Slider
2024,"Smith, Burch",94.9,FF,4-Seam Fastball
2024,"Yarbrough, Ryan",86,SI,Sinker
2024,"Muñoz, Andrés",87.6,SL,Slider
2024,"Wentz, Joey",93.7,FF,4-Seam Fastball
2024,"Ross, Joe",86.6,SL,Slider
2024,"Lorenzen, Michael",93.6,SI,Sinker
2024,"Irvin, Cole",77.3,CU,Curveball
2024,"Cronin, Declan",93.4,SI,Sinker
2024,"Barlow, Scott",81,ST,Sweeper
2024,"Maeda, Kenta",82.1,SL,Slider
2024,"Lawrence, Justin",83,ST,Sweeper
2024,"Gray, Sonny",92.7,SI,Sinker
2024,"Chafin, Andrew",82.1,SL,Slider
2024,"Woods Richardson, Simeon",82.8,CH,Changeup
2024,"Gray, Sonny",87.7,FC,Cutter
2024,"Olson, Reese",94.2,FF,4-Seam Fastball
2024,"Miller, Tyson",89.6,FF,4-Seam Fastball
2024,"Nelson, Ryne",91.2,FC,Cutter
2024,"Festa, David",94.7,FF,4-Seam Fastball
2024,"Keller, Mitch",83,ST,Sweeper
2024,"Cannon, Jonathan",81.9,ST,Sweeper
2024,"Maeda, Kenta",90.8,FF,4-Seam Fastball
2024,"Suter, Brent",85.8,FF,4-Seam Fastball
2024,"Soriano, José",86.4,CU,Curveball
2024,"Flexen, Chris",81.3,CH,Changeup
2024,"Rea, Colin",82,ST,Sweeper
2024,"Grove, Michael",86.9,SL,Slider
2024,"Montero, Keider",83.6,SL,Slider
2024,"Ross, Joe",94.8,SI,Sinker
2024,"Gomber, Austin",83.8,SL,Slider
2024,"Wesneski, Hayden",82.4,ST,Sweeper
2024,"Díaz, Edwin",89.6,SL,Slider
2024,"Winckowski, Josh",90.4,FC,Cutter
2024,"Martinez, Nick",89.1,FC,Cutter
2024,"Suárez, Albert",86.3,FC,Cutter
2024,"Domínguez, Seranthony",97.7,FF,4-Seam Fastball
2024,"Bender, Anthony",84.9,ST,Sweeper
2024,"Baumann, Mike",96.5,FF,4-Seam Fastball
2024,"Pearson, Nate",87.9,SL,Slider
2024,"Bender, Anthony",95.4,SI,Sinker
2024,"Matsui, Yuki",92.2,FF,4-Seam Fastball
2024,"Miller, Erik",85.5,CH,Changeup
2024,"Ashcraft, Graham",88.4,SL,Slider
2024,"Carrasco, Carlos",91.7,FF,4-Seam Fastball
2024,"Anderson, Justin",85.6,SL,Slider
2024,"Abbott, Andrew",82.9,ST,Sweeper
2024,"Rodríguez, Randy",97.6,FF,4-Seam Fastball
2024,"Moore, Matt",92.7,FF,4-Seam Fastball
2024,"Junis, Jakob",83,SL,Slider
2024,"Stroman, Marcus",85.3,SL,Slider
2024,"Alvarado, José",92.5,FC,Cutter
2024,"Rodríguez, Yariel",84.6,SL,Slider
2024,"Gore, MacKenzie",91.1,FC,Cutter
2024,"Helsley, Ryan",99.6,FF,4-Seam Fastball
2024,"Ortiz, Luis L.",90.9,FC,Cutter
2024,"Cousins, Jake",82.1,SL,Slider
2024,"Skubal, Tarik",88.8,SL,Slider
2024,"Civale, Aaron",77.1,CU,Curveball
2024,"Bido, Osvaldo",94.8,FF,4-Seam Fastball
2024,"Leclerc, José",95.3,FF,4-Seam Fastball
2024,"Peguero, Elvis",90.1,SL,Slider
2024,"Winckowski, Josh",95.1,SI,Sinker
2024,"Stripling, Ross",91.7,FF,4-Seam Fastball
2024,"Hjelle, Sean",85.8,CU,Curveball
2024,"Scott, Christian",94.2,FF,4-Seam Fastball
2024,"Zerpa, Angel",96.4,SI,Sinker
2024,"Lively, Ben",79,ST,Sweeper
2024,"Holderman, Colin",84.7,ST,Sweeper
2024,"Law, Derek",87.3,SL,Slider
2024,"Olson, Reese",86.5,CH,Changeup
2024,"Webb, Jacob",93.5,FF,4-Seam Fastball
2024,"Carrasco, Carlos",83.9,SL,Slider
2024,"Akin, Keegan",85.5,SL,Slider
2024,"Gaddis, Hunter",95.4,FF,4-Seam Fastball
2024,"Bellozo, Valente",89.2,FF,4-Seam Fastball
2024,"Yarbrough, Ryan",71.3,ST,Sweeper
2024,"McFarland, T.J.",88,SI,Sinker
2024,"Adam, Jason",95.5,FF,4-Seam Fastball
2024,"Díaz, Alexis",87.6,SL,Slider
2024,"Harrison, Kyle",84.8,CH,Changeup
2024,"Assad, Javier",91.5,FF,4-Seam Fastball
2024,"Peguero, Elvis",96.8,SI,Sinker
2024,"Sandoval, Patrick",82.9,CH,Changeup
2024,"Hudson, Daniel",88,SL,Slider
2024,"Wacha, Michael",93.6,SI,Sinker
2024,"Miller, Tyson",80.2,ST,Sweeper
2024,"Alcala, Jorge",98.1,FF,4-Seam Fastball
2024,"Neris, Héctor",82.7,FS,Split-Finger
2024,"Hoffman, Jeff",86.8,SL,Slider
2024,"Castillo, Luis",88.1,CH,Changeup
2024,"Farmer, Buck",82.2,SL,Slider
2024,"Bummer, Aaron",82.3,ST,Sweeper
2024,"Ferguson, Caleb",93.8,FF,4-Seam Fastball
2024,"Gilbert, Logan",84.5,FS,Split-Finger
2024,"Hoeing, Bryan",93.9,SI,Sinker
2024,"Cabrera, Génesis",89.2,FC,Cutter
2024,"Bassitt, Chris",71,CU,Curveball
2024,"Wilson, Justin",95.5,FF,4-Seam Fastball
2024,"Latz, Jacob",94.9,FF,4-Seam Fastball
2024,"Kremer, Dean",84.1,FS,Split-Finger
2024,"Muñoz, Roddery",95.4,FF,4-Seam Fastball
2024,"Bernardino, Brennan",91.4,SI,Sinker
2024,"Jax, Griffin",88.8,ST,Sweeper
2024,"Roupp, Landen",77.4,CU,Curveball
2024,"Ragans, Cole",86,SL,Slider
2024,"Freeland, Kyle",86.9,FC,Cutter
2024,"Contreras, Roansy",94.7,FF,4-Seam Fastball
2024,"Sale, Chris",86.9,CH,Changeup
2024,"Rodón, Carlos",85.5,CH,Changeup
2024,"Eovaldi, Nathan",91.3,FC,Cutter
2024,"Faedo, Alex",83.2,SL,Slider
2024,"Lambert, Peter",94.5,FF,4-Seam Fastball
2024,"Civale, Aaron",80.2,ST,Sweeper
2024,"Woo, Bryan",94.7,SI,Sinker
2024,"Little, Brendon",94.5,SI,Sinker
2024,"Yates, Kirby",86.3,FS,Split-Finger
2024,"Fulmer, Carson",87.8,CH,Changeup
2024,"Dunning, Dane",80.6,SL,Slider
2024,"Estes, Joey",78.2,ST,Sweeper
2024,"Rodriguez, Grayson",83.1,CH,Changeup
2024,"Suarez, José",93,FF,4-Seam Fastball
2024,"Lorenzen, Michael",84.6,CH,Changeup
2024,"Hodge, Porter",95.5,FF,4-Seam Fastball
2024,"Carrasco, Carlos",86.8,CH,Changeup
2024,"Meyer, Max",88.2,SL,Slider
2024,"Walker, Taijuan",91.1,SI,Sinker
2024,"Kinley, Tyler",95.8,FF,4-Seam Fastball
2024,"Wheeler, Zack",85,ST,Sweeper
2024,"Musgrove, Joe",93,FF,4-Seam Fastball
2024,"Cannon, Jonathan",90.2,FC,Cutter
2024,"Herz, DJ",83.5,CH,Changeup
2024,"Pivetta, Nick",80,CU,Curveball
2024,"Doval, Camilo",99.1,FC,Cutter
2024,"Bummer, Aaron",93.1,SI,Sinker
2024,"Muller, Kyle",92.6,FF,4-Seam Fastball
2024,"Miller, Bobby",97.6,FF,4-Seam Fastball
2024,"Wesneski, Hayden",94.6,FF,4-Seam Fastball
2024,"Banks, Tanner",87.9,SL,Slider
2024,"Luzardo, Jesús",95.2,FF,4-Seam Fastball
2024,"Marsh, Alec",86.6,SL,Slider
2024,"Buehler, Walker",95,FF,4-Seam Fastball
2024,"Morejon, Adrian",97.4,SI,Sinker
2024,"Thielbar, Caleb",93.2,FF,4-Seam Fastball
2024,"Taillon, Jameson",80.4,ST,Sweeper
2024,"Suárez, Albert",86.1,CH,Changeup
2024,"Wentz, Joey",85.9,FC,Cutter
2024,"Buttó, José",94.2,FF,4-Seam Fastball
2024,"Suárez, Ranger",80,CH,Changeup
2024,"Wicks, Jordan",92.5,FF,4-Seam Fastball
2024,"Leclerc, José",82,SL,Slider
2024,"Kittredge, Andrew",94.7,SI,Sinker
2024,"Varland, Louis",96.3,FF,4-Seam Fastball
2024,"Williams, Trevor",88.9,FF,4-Seam Fastball
2024,"Maton, Phil",88.7,FC,Cutter
2024,"Meyer, Max",94.1,FF,4-Seam Fastball
2024,"Burnes, Corbin",87.6,SL,Slider
2024,"Holmes, Grant",94.6,FF,4-Seam Fastball
2024,"Sims, Lucas",84.1,ST,Sweeper
2024,"Pallante, Andre",94.8,SI,Sinker
2024,"Chafin, Andrew",91.7,SI,Sinker
2024,"Detmers, Reid",86.2,SL,Slider
2024,"Abbott, Andrew",84.8,CH,Changeup
2024,"Weaver, Luke",88.6,CH,Changeup
2024,"Liberatore, Matthew",94.7,FF,4-Seam Fastball
2024,"Alexander, Tyler",89.6,FF,4-Seam Fastball
2024,"Cannon, Jonathan",85.7,CH,Changeup
2024,"Shuster, Jared",84.1,CH,Changeup
2024,"Feltner, Ryan",85.2,CH,Changeup
2024,"Cabrera, Edward",84.8,CU,Curveball
2024,"Paddack, Chris",82.9,CH,Changeup
2024,"Chapman, Aroldis",97.8,FF,4-Seam Fastball
2024,"Fried, Max",85.7,CH,Changeup
2024,"Sewald, Paul",91.4,FF,4-Seam Fastball
2024,"Stratton, Chris",91.8,FF,4-Seam Fastball
2024,"Hernández, Jonathan",87.7,SL,Slider
2024,"Schwellenbach, Spencer",87.3,SL,Slider
2024,"Ottavino, Adam",78.9,ST,Sweeper
2024,"Pepiot, Ryan",89,SL,Slider
2024,"Glasnow, Tyler",83.7,CU,Curveball
2024,"Faucher, Calvin",91.3,FC,Cutter
2024,"Liberatore, Matthew",87.4,SL,Slider
2024,"Montgomery, Jordan",83.1,CH,Changeup
2024,"Hicks, Jordan",84.3,FS,Split-Finger
2024,"Olson, Reese",94.2,SI,Sinker
2024,"Poche, Colin",91.2,FF,4-Seam Fastball
2024,"Elder, Bryce",90.2,SI,Sinker
2024,"Rodriguez, Eduardo",92,FF,4-Seam Fastball
2024,"Martinez, Nick",92,SI,Sinker
2024,"Mantiply, Joe",88.9,SI,Sinker
2024,"Weathers, Ryan",86.4,CH,Changeup
2024,"Armstrong, Shawn",93.3,FF,4-Seam Fastball
2024,"Cruz, Fernando",94.7,FF,4-Seam Fastball
2024,"Stroman, Marcus",82.2,SV,Slurve
2024,"Spiers, Carson",81.3,ST,Sweeper
2024,"Dubin, Shawn",95,FF,4-Seam Fastball
2024,"Hudson, Dakota",84,SL,Slider
2024,"Shuster, Jared",86,SL,Slider
2024,"Gibson, Kyle",91.4,FF,4-Seam Fastball
2024,"Strickland, Hunter",94.2,FF,4-Seam Fastball
2024,"Leiter Jr., Mark",84.2,FS,Split-Finger
2024,"Schmidt, Clarke",85.2,ST,Sweeper
2024,"Holton, Tyler",87.6,FC,Cutter
2024,"Okert, Steven",81,SL,Slider
2024,"Young, Danny",80.7,ST,Sweeper
2024,"Taillon, Jameson",79.6,CU,Curveball
2024,"Fairbanks, Pete",97.3,FF,4-Seam Fastball
2024,"Littell, Zack",91.6,SI,Sinker
2024,"Alexander, Scott",92.1,SI,Sinker
2024,"Bivens, Spencer",94.3,SI,Sinker
2024,"Strickland, Hunter",84,FC,Cutter
2024,"Banks, Tanner",93.6,FF,4-Seam Fastball
2024,"Spence, Mitch",91.9,SI,Sinker
2024,"Payamps, Joel",83.8,SL,Slider
2024,"Brown, Hunter",88.4,CH,Changeup
2024,"Hoffman, Jeff",96.7,FF,4-Seam Fastball
2024,"Alcala, Jorge",89.9,SL,Slider
2024,"Brown, Hunter",82.9,CU,Curveball
2024,"Freeland, Kyle",91.6,FF,4-Seam Fastball
2024,"Gilbert, Logan",83.2,CU,Curveball
2024,"Eovaldi, Nathan",76.7,CU,Curveball
2024,"Roupp, Landen",94.4,SI,Sinker
2024,"Duran, Jhoan",100.5,FF,4-Seam Fastball
2024,"Romero, JoJo",94,SI,Sinker
2024,"Waldron, Matt",90,SI,Sinker
2024,"Miller, Mason",87.5,SL,Slider
2024,"Fulmer, Carson",92.6,SI,Sinker
2024,"Santana, Dennis",87.1,SL,Slider
2024,"Herrin, Tim",81.6,CU,Curveball
2024,"Sandoval, Patrick",87.8,SL,Slider
2024,"Baumann, Mike",87.8,CU,Curveball
2024,"Musgrove, Joe",81.6,CU,Curveball
2024,"Rogers, Tyler",73.6,SL,Slider
2024,"Yamamoto, Yoshinobu",90.2,FS,Split-Finger
2024,"Marsh, Alec",82.8,CU,Curveball
2024,"Faedo, Alex",94,FF,4-Seam Fastball
2024,"Phillips, Evan",85,ST,Sweeper
2024,"Feltner, Ryan",94.2,SI,Sinker
2024,"Vesia, Alex",85,SL,Slider
2024,"Ragans, Cole",90.8,FC,Cutter
2024,"Gallen, Zac",86.6,CH,Changeup
2024,"Keller, Mitch",90.4,FC,Cutter
2024,"Hall, DL",93.3,FF,4-Seam Fastball
2024,"Manaea, Sean",85.3,CH,Changeup
2024,"Wrobleski, Justin",95.1,FF,4-Seam Fastball
2024,"Rodríguez, Randy",84.7,SL,Slider
2024,"Festa, David",86.1,SL,Slider
2024,"Kuhl, Chad",86.9,SL,Slider
2024,"Sandlin, Nick",79.4,SL,Slider
2024,"Wood, Alex",90.5,SI,Sinker
2024,"Jarvis, Bryce",95.7,FF,4-Seam Fastball
2024,"Nardi, Andrew",82.9,SL,Slider
2024,"Cantillo, Joey",92.2,FF,4-Seam Fastball
2024,"McKenzie, Triston",77.7,CU,Curveball
2024,"Verlander, Justin",77.6,CU,Curveball
2024,"Gray, Sonny",79.9,CU,Curveball
2024,"Mlodzinski, Carmen",96.2,FF,4-Seam Fastball
2024,"Burr, Ryan",85.4,SL,Slider
2024,"Thornton, Trent",81.8,ST,Sweeper
2024,"Peterson, David",85.1,SL,Slider
2024,"Armstrong, Shawn",90.5,FC,Cutter
2024,"Anderson, Chase",88.8,FC,Cutter
2024,"Ruiz, José",86.2,CU,Curveball
2024,"Leiter, Jack",96.4,FF,4-Seam Fastball
2024,"Quantrill, Cal",87.7,FC,Cutter
2024,"Pagán, Emilio",94.6,FF,4-Seam Fastball
2024,"Winn, Keaton",88.9,FS,Split-Finger
2024,"Flexen, Chris",72,CU,Curveball
2024,"Sands, Cole",90.8,FC,Cutter
2024,"Weissert, Greg",93.7,SI,Sinker
2024,"Ryan, Joe",81.3,ST,Sweeper
2024,"Hancock, Emerson",93.4,FF,4-Seam Fastball
2024,"Irvin, Cole",91.6,SI,Sinker
2024,"Lynn, Lance",91.1,SI,Sinker
2024,"Yamamoto, Yoshinobu",78,CU,Curveball
2024,"Junis, Jakob",91.9,SI,Sinker
2024,"Ottavino, Adam",92.1,SI,Sinker
2024,"Falter, Bailey",92,SI,Sinker
2024,"Milner, Hoby",79.5,ST,Sweeper
2024,"Muñoz, Roddery",94.9,SI,Sinker
2024,"Hamilton, Ian",88.5,SL,Slider
2024,"Tinoco, Jesus",86.6,SL,Slider
2024,"Phillips, Evan",96.2,FF,4-Seam Fastball
2024,"Leasure, Jordan",96.1,FF,4-Seam Fastball
2024,"Fulmer, Carson",93.1,FF,4-Seam Fastball
2024,"Pallante, Andre",87.5,SL,Slider
2024,"Freeland, Kyle",83.5,CU,Curveball
2024,"Sands, Cole",95.7,FF,4-Seam Fastball
2024,"Milner, Hoby",88.5,SI,Sinker
2024,"Nastrini, Nick",93.7,FF,4-Seam Fastball
2024,"Montgomery, Jordan",92.1,FF,4-Seam Fastball
2024,"Swanson, Erik",93.9,FF,4-Seam Fastball
2024,"Holmes, Grant",86.5,SL,Slider
2024,"Burnes, Corbin",89.2,CH,Changeup
2024,"Pérez, Cionel",96.1,SI,Sinker
2024,"Boyle, Joe",88,SL,Slider
2024,"Green, Chad",87.7,SL,Slider
2024,"Voth, Austin",89,FC,Cutter
2024,"Young, Danny",91.4,SI,Sinker
2024,"Mikolas, Miles",76.3,CU,Curveball
2024,"Kolek, Stephen",95.2,SI,Sinker
2024,"Faucher, Calvin",96,FF,4-Seam Fastball
2024,"Lugo, Seth",78.8,SV,Slurve
2024,"Singer, Brady",91.7,FF,4-Seam Fastball
2024,"Jax, Griffin",97.1,FF,4-Seam Fastball
2024,"Hurter, Brant",92.4,SI,Sinker
2024,"Falter, Bailey",77.7,CU,Curveball
2024,"Kikuchi, Yusei",86.8,CH,Changeup
2024,"Mize, Casey",86.2,FS,Split-Finger
2024,"Musgrove, Joe",89.7,FC,Cutter
2024,"Robertson, David",84.2,CU,Curveball
2024,"Ragans, Cole",80.8,CU,Curveball
2024,"Pérez, Cionel",83.1,SV,Slurve
2024,"McArthur, James",95.1,SI,Sinker
2024,"Soto, Gregory",86.2,SL,Slider
2024,"Kremer, Dean",92.2,SI,Sinker
2024,"Turnbull, Spencer",92,FF,4-Seam Fastball
2024,"McFarland, T.J.",78.2,ST,Sweeper
2024,"Gilbert, Logan",92.3,FC,Cutter
2024,"Bradford, Cody",80.9,CH,Changeup
2024,"Pressly, Ryan",93.8,FF,4-Seam Fastball
2024,"Hader, Josh",85.5,SL,Slider
2024,"Ureña, José",88.7,CH,Changeup
2024,"Wilson, Steven",82.3,ST,Sweeper
2024,"Tate, Dillon",92.6,SI,Sinker
2024,"Ober, Bailey",80.3,ST,Sweeper
2024,"Dunning, Dane",88.1,FC,Cutter
2024,"Stone, Gavin",88.8,SL,Slider
2024,"Schwellenbach, Spencer",92.9,FC,Cutter
2024,"Walker, Taijuan",86.7,FS,Split-Finger
2024,"Morejon, Adrian",86,SL,Slider
2024,"Wheeler, Zack",81.8,CU,Curveball
2024,"Musgrove, Joe",82.1,ST,Sweeper
2024,"Kerkering, Orion",97.6,FF,4-Seam Fastball
2024,"Luzardo, Jesús",83.5,SL,Slider
2024,"Curry, Xzavion",92.1,FF,4-Seam Fastball
2024,"Ferguson, Tyler",95.9,FF,4-Seam Fastball
2024,"Pfaadt, Brandon",87.5,CH,Changeup
2024,"Chapman, Aroldis",99.8,SI,Sinker
2024,"Allen, Logan",78.6,ST,Sweeper
2024,"Anderson, Justin",96,FF,4-Seam Fastball
2024,"Alexander, Tyler",77.8,ST,Sweeper
2024,"Fairbanks, Pete",85,SL,Slider
2024,"Romero, JoJo",84,SL,Slider
2024,"Quantrill, Cal",79.4,CU,Curveball
2024,"Avila, Pedro",83.4,CH,Changeup
2024,"Snell, Blake",85.5,CH,Changeup
2024,"Maton, Phil",74.7,CU,Curveball
2024,"Montero, Rafael",95.4,FF,4-Seam Fastball
2024,"Pérez, Martín",77.9,CU,Curveball
2024,"Anderson, Chase",83.9,CH,Changeup
2024,"Soroka, Michael",92.3,SI,Sinker
2024,"Festa, David",88.4,CH,Changeup
2024,"Leahy, Kyle",95.5,FF,4-Seam Fastball
2024,"Muñoz, Roddery",89.9,FC,Cutter
2024,"Muñoz, Andrés",98.4,FF,4-Seam Fastball
2024,"Matthews, Zebby",94.9,FF,4-Seam Fastball
2024,"Nola, Aaron",85.7,CH,Changeup
2024,"Sears, JP",90,SI,Sinker
2024,"Peterson, David",84.7,CH,Changeup
2024,"Morton, Charlie",85,CH,Changeup
2024,"Canning, Griffin",80.5,CU,Curveball
2024,"Cecconi, Slade",85.1,SL,Slider
2024,"Slaten, Justin",91.5,FC,Cutter
2024,"Lodolo, Nick",88.1,CH,Changeup
2024,"Ramírez, Yohan",94.4,SI,Sinker
2024,"Brieske, Beau",88.4,CH,Changeup
2024,"Weathers, Ryan",82.7,ST,Sweeper
2024,"Verlander, Justin",86.7,SL,Slider
2024,"Santillan, Tony",97.2,FF,4-Seam Fastball
2024,"Weaver, Luke",91.3,FC,Cutter
2024,"Beeks, Jalen",88.9,CH,Changeup
2024,"McArthur, James",83.7,CU,Curveball
2024,"Turnbull, Spencer",83.8,ST,Sweeper
2024,"Schmidt, Clarke",94.3,SI,Sinker
2024,"Bird, Jake",95.4,SI,Sinker
2024,"Hernández, Carlos",97.9,FF,4-Seam Fastball
2024,"Brown, Ben",86.5,CU,Curveball
2024,"Allen, Logan",81.7,CH,Changeup
2024,"Bernardino, Brennan",78.9,CU,Curveball
2024,"Gordon, Tanner",92.1,FF,4-Seam Fastball
2024,"Honeywell, Brent",94.8,FF,4-Seam Fastball
2024,"Muñoz, Roddery",85.8,SL,Slider
2024,"Wheeler, Zack",91.1,FC,Cutter
2024,"Armstrong, Shawn",93.6,SI,Sinker
2024,"Ray, Robbie",94.1,FF,4-Seam Fastball
2024,"Smith, Will",80.6,SL,Slider
2024,"Kirby, George",86,FS,Split-Finger
2024,"Weissert, Greg",79.8,ST,Sweeper
2024,"Chapman, Aroldis",87,SL,Slider
2024,"Sandlin, Nick",92.6,FF,4-Seam Fastball
2024,"Medina, Luis",95.9,FF,4-Seam Fastball
2024,"Martin, Chris",91.9,FC,Cutter
2024,"Diekman, Jake",94.7,FF,4-Seam Fastball
2024,"Marsh, Alec",93.6,SI,Sinker
2024,"Spence, Mitch",80.4,CU,Curveball
2024,"Oller, Adam",93.8,FF,4-Seam Fastball
2024,"Vieira, Thyago",97.1,SI,Sinker
2024,"Rodriguez, Grayson",86.5,SL,Slider
2024,"López, Pablo",82.4,CU,Curveball
2024,"Wacha, Michael",88.8,FC,Cutter
2024,"Stroman, Marcus",83.3,FS,Split-Finger
2024,"Garcia, Robert",87.7,CH,Changeup
2024,"Nola, Aaron",87.5,FC,Cutter
2024,"Payamps, Joel",94.8,FF,4-Seam Fastball
2024,"Assad, Javier",76.8,CU,Curveball
2024,"Scherzer, Max",92.5,FF,4-Seam Fastball
2024,"Erceg, Lucas",98.6,FF,4-Seam Fastball
2024,"Suárez, Albert",79,CU,Curveball
2024,"Darvish, Yu",85.9,SL,Slider
2024,"Holton, Tyler",91.6,SI,Sinker
2024,"Santana, Dennis",95.8,FF,4-Seam Fastball
2024,"Hancock, Emerson",93.2,SI,Sinker
2024,"Rodriguez, Grayson",81.3,CU,Curveball
2024,"López, Jorge",95.5,SI,Sinker
2024,"Jackson, Luke",94.7,FF,4-Seam Fastball
2024,"Leiter Jr., Mark",91.5,SI,Sinker
2024,"Burke, Brock",95.8,FF,4-Seam Fastball
2024,"Carrasco, Carlos",91,SI,Sinker
2024,"Kelly, Kevin",77.3,ST,Sweeper
2024,"Cruz, Fernando",88.7,FC,Cutter
2024,"McGough, Scott",93.1,FF,4-Seam Fastball
2024,"Kelly, Merrill",90.3,FC,Cutter
2024,"Lugo, Seth",86.7,SL,Slider
2024,"Cole, Gerrit",82.5,CU,Curveball
2024,"Finnegan, Kyle",88.5,FS,Split-Finger
2024,"Kelly, Zack",96.5,FF,4-Seam Fastball
2024,"Adam, Jason",89.5,CH,Changeup
2024,"Booser, Cam",95.3,FF,4-Seam Fastball
2024,"Funderburk, Kody",92.1,FC,Cutter
2024,"Francis, Bowden",83.8,FS,Split-Finger
2024,"Iglesias, Raisel",89.5,CH,Changeup
2024,"Foley, Jason",88.5,SL,Slider
2024,"Scott, Tayler",85.5,FS,Split-Finger
2024,"Hernández, Jonathan",96.8,SI,Sinker
2024,"Suárez, Ranger",86.5,FC,Cutter
2024,"Matsui, Yuki",86,SL,Slider
2024,"Morton, Charlie",93.6,SI,Sinker
2024,"Lee, Dylan",92.4,FF,4-Seam Fastball
2024,"Saucedo, Tayler",91.3,SI,Sinker
2024,"Treinen, Blake",83.9,ST,Sweeper
2024,"Herz, DJ",86.1,SL,Slider
2024,"Francis, Bowden",73.5,CU,Curveball
2024,"Buttó, José",93.5,SI,Sinker
2024,"Chavez, Jesse",90.7,SI,Sinker
2024,"Pressly, Ryan",89.6,SL,Slider
2024,"Iglesias, Raisel",95.6,FF,4-Seam Fastball
2024,"Keller, Brad",93.8,FF,4-Seam Fastball
2024,"Snider, Collin",94.2,FF,4-Seam Fastball
2024,"Buehler, Walker",91.2,FC,Cutter
2024,"Herrin, Tim",87.6,SL,Slider
2024,"Liberatore, Matthew",95.4,SI,Sinker
2024,"Hendricks, Kyle",74.3,CU,Curveball
2024,"Rodríguez, Manuel",89.3,SL,Slider
2024,"Farmer, Buck",92.5,SI,Sinker
2024,"Kimbrel, Craig",84.3,CU,Curveball
2024,"Sims, Lucas",94.2,FF,4-Seam Fastball
2024,"Duran, Jhoan",97,FS,Split-Finger
2024,"Vásquez, Randy",82.2,CU,Curveball
2024,"Roycroft, Chris",96,SI,Sinker
2024,"Gore, MacKenzie",85.9,CH,Changeup
2024,"Woodford, Jake",91.5,SI,Sinker
2024,"Estes, Joey",81.7,SL,Slider
2024,"Blach, Ty",80,CH,Changeup
2024,"Bellozo, Valente",82.8,FC,Cutter
2024,"Thielbar, Caleb",81.5,ST,Sweeper
2024,"Gibson, Kyle",84.9,CH,Changeup
2024,"Schwellenbach, Spencer",80.6,CU,Curveball
2024,"Floro, Dylan",83.3,SL,Slider
2024,"Cortes, Nestor",83.6,CH,Changeup
2024,"McKenzie, Triston",85.4,SL,Slider
2024,"Howard, Spencer",93.8,FF,4-Seam Fastball
2024,"Spiers, Carson",92.1,SI,Sinker
2024,"Taillon, Jameson",92.5,SI,Sinker
2024,"Martinez, Seth",90.8,FF,4-Seam Fastball
2024,"Keller, Mitch",78.3,CU,Curveball
2024,"Povich, Cade",76.3,CU,Curveball
2024,"Hendricks, Kyle",87.7,FF,4-Seam Fastball
2024,"Elder, Bryce",83.6,SL,Slider
2024,"Criswell, Cooper",86.4,FC,Cutter
2024,"McCaughan, Darren",81.9,ST,Sweeper
2024,"Williams, Gavin",79.5,CU,Curveball
2024,"Moore, Matt",82.8,CH,Changeup
2024,"Arrighetti, Spencer",80.8,ST,Sweeper
2024,"Vodnik, Victor",84.6,SL,Slider
2024,"Keller, Mitch",87.5,SL,Slider
2024,"Keller, Brad",86,SL,Slider
2024,"Buttó, José",87.1,CH,Changeup
2024,"Abbott, Andrew",80.8,CU,Curveball
2024,"Chargois, JT",95,SI,Sinker
2024,"Vásquez, Randy",94.2,SI,Sinker
2024,"Long, Sam",94.3,FF,4-Seam Fastball
2024,"Contreras, Roansy",85,SL,Slider
2024,"Uceta, Edwin",94.2,FF,4-Seam Fastball
2024,"Banda, Anthony",96.1,FF,4-Seam Fastball
2024,"Martinez, Seth",79.1,ST,Sweeper
2024,"Blackburn, Paul",89.1,FC,Cutter
2024,"Bradish, Kyle",95.3,SI,Sinker
2024,"Vieira, Thyago",88.3,SL,Slider
2024,"Sandlin, Nick",84.8,FS,Split-Finger
2024,"Scott, Tayler",84,ST,Sweeper
2024,"Nastrini, Nick",84.5,SL,Slider
2024,"Garrett, Reed",88.2,FS,Split-Finger
2024,"Yarbrough, Ryan",86.6,FF,4-Seam Fastball
2024,"Lugo, Seth",90,FC,Cutter
2024,"Schmidt, Clarke",83.8,CU,Curveball
2024,"Erceg, Lucas",85.7,SL,Slider
2024,"Cleavinger, Garrett",96.4,FF,4-Seam Fastball
2024,"Civale, Aaron",92,FF,4-Seam Fastball
2024,"Webb, Jacob",82.8,ST,Sweeper
2024,"Blalock, Bradley",93.5,FF,4-Seam Fastball
2024,"Anderson, Nick",81.7,CU,Curveball
2024,"Lambert, Peter",87,CH,Changeup
2024,"Rainey, Tanner",86.6,SL,Slider
2024,"Brazobán, Huascar",90.3,CH,Changeup
2024,"Kelly, Zack",82.2,ST,Sweeper
2024,"Maeda, Kenta",80.3,ST,Sweeper
2024,"Tyler, Kyle",90.3,FC,Cutter
2024,"Morgan, Eli",92.2,FF,4-Seam Fastball
2024,"Feltner, Ryan",79.2,CU,Curveball
2024,"Cleavinger, Garrett",90.8,FC,Cutter
2024,"Birdsong, Hayden",80.5,CU,Curveball
2024,"Ginn, J.T.",92.9,SI,Sinker
2024,"Boyd, Matthew",92,FF,4-Seam Fastball
2024,"Blanco, Ronel",80.1,CU,Curveball
2024,"Paddack, Chris",85.9,SL,Slider
2024,"Webb, Jacob",84.3,CH,Changeup
2024,"Rodón, Carlos",81,CU,Curveball
2024,"Knack, Landon",85.1,SL,Slider
2024,"Hudson, Dakota",80.2,CU,Curveball
2024,"Matsui, Yuki",86.6,FS,Split-Finger
2024,"Baz, Shane",87.3,SL,Slider
2024,"Weems, Jordan",87.6,SL,Slider
2024,"Birdsong, Hayden",88.1,CH,Changeup
2024,"Martinez, Justin",89.8,FS,Split-Finger
2024,"Thorpe, Drew",81.6,CH,Changeup
2024,"Peralta, Wandy",88.6,CH,Changeup
2024,"Koenig, Jared",90.3,FC,Cutter
2024,"Buehler, Walker",78,CU,Curveball
2024,"Hill, Tim",90.7,FF,4-Seam Fastball
2024,"Martinez, Justin",89.8,SL,Slider
2024,"Baumann, Mike",92.1,SL,Slider
2024,"Núñez, Dedniel",87.5,SL,Slider
2024,"Birdsong, Hayden",86.4,SL,Slider
2024,"Martin, Davis",93.6,FF,4-Seam Fastball
2024,"Cleavinger, Garrett",87.3,SL,Slider
2024,"Soriano, José",98.8,FF,4-Seam Fastball
2024,"Puk, A.J.",85.5,SL,Slider
2024,"Snider, Collin",82.4,ST,Sweeper
2024,"Holton, Tyler",83.6,CH,Changeup
2024,"Martinez, Nick",80.8,CU,Curveball
2024,"Devenski, Chris",82.8,CH,Changeup
2024,"Treinen, Blake",94.6,SI,Sinker
2024,"Sandoval, Patrick",93.7,SI,Sinker
2024,"Cease, Dylan",82.3,CU,Curveball
2024,"Vest, Will",86.9,SL,Slider
2024,"Thompson, Ryan",79,SL,Slider
2024,"Holmes, Clay",87.1,SL,Slider
2024,"Varland, Louis",90.1,SL,Slider
2024,"Cannon, Jonathan",94.3,FF,4-Seam Fastball
2024,"Sewald, Paul",83.1,ST,Sweeper
2024,"Ferguson, Caleb",89,FC,Cutter
2024,"Minter, A.J.",94.5,FF,4-Seam Fastball
2024,"Spiers, Carson",87.8,FC,Cutter
2024,"Núñez, Dedniel",96.3,FF,4-Seam Fastball
2024,"Cano, Yennier",91,CH,Changeup
2024,"Kremer, Dean",77,CU,Curveball
2024,"Thornton, Trent",89.8,SL,Slider
2024,"Wilson, Steven",93.5,FF,4-Seam Fastball
2024,"Zerpa, Angel",86.1,SL,Slider
2024,"Luzardo, Jesús",86.3,CH,Changeup
2024,"Peralta, Wandy",95.1,SI,Sinker
2024,"Otañez, Michel",85.3,SL,Slider
2024,"Baz, Shane",83.6,CU,Curveball
2024,"Morejon, Adrian",96.9,FF,4-Seam Fastball
2024,"Bednar, David",92,FS,Split-Finger
2024,"Booser, Cam",88.3,FC,Cutter
2024,"Herrin, Tim",95.5,FF,4-Seam Fastball
2024,"Joyce, Ben",102.1,FF,4-Seam Fastball
2024,"Priester, Quinn",93.1,SI,Sinker
2024,"Farmer, Buck",86.8,CH,Changeup
2024,"Myers, Tobias",81.1,CH,Changeup
2024,"Salazar, Eduardo",94.4,SI,Sinker
2024,"Duran, Jhoan",86.1,CU,Curveball
2024,"Wilson, Bryse",93.6,FF,4-Seam Fastball
2024,"Pallante, Andre",79.5,CU,Curveball
2024,"Daniel, Davis",91.5,FF,4-Seam Fastball
2024,"Suarez, José",82.9,CH,Changeup
2024,"López, Reynaldo",77,CU,Curveball
2024,"Allen, Logan",85.3,FC,Cutter
2024,"Otañez, Michel",98,FF,4-Seam Fastball
2024,"Cole, Gerrit",91.4,FC,Cutter
2024,"Tonkin, Michael",92.5,SI,Sinker
2024,"Crawford, Kutter",82.4,FS,Split-Finger
2024,"Schwellenbach, Spencer",84.5,FS,Split-Finger
2024,"Walker, Taijuan",85.1,ST,Sweeper
2024,"Kirby, George",83.3,CU,Curveball
2024,"Sears, JP",79.3,SL,Slider
2024,"Maton, Phil",80.9,ST,Sweeper
2024,"Hodge, Porter",83,ST,Sweeper
2024,"Schreiber, John",81.1,ST,Sweeper
2024,"Smith, Cade",88.5,FS,Split-Finger
2024,"Jarvis, Bryce",86.4,SL,Slider
2024,"Pressly, Ryan",82.4,CU,Curveball
2024,"Wacha, Michael",84.1,SL,Slider
2024,"Springs, Jeffrey",89.8,FF,4-Seam Fastball
2024,"Fulmer, Carson",88,SL,Slider
2024,"Gausman, Kevin",82.7,SL,Slider
2024,"Kelly, Merrill",88.4,CH,Changeup
2024,"Martin, Davis",83.6,SL,Slider
2024,"Stripling, Ross",82.7,CH,Changeup
2024,"Gibson, Kyle",78.3,CU,Curveball
2024,"Henry, Tommy",89.8,FF,4-Seam Fastball
2024,"Moll, Sam",93.3,FF,4-Seam Fastball
2024,"Wood, Alex",81.4,SL,Slider
2024,"Farmer, Buck",92.7,FF,4-Seam Fastball
2024,"Nelson, Ryne",83,CH,Changeup
2024,"Slaten, Justin",96.4,FF,4-Seam Fastball
2024,"Estrada, Jeremiah",89.8,SL,Slider
2024,"King, John",84.4,CH,Changeup
2024,"Irvin, Cole",84.9,CH,Changeup
2024,"Parker, Mitchell",84.5,SL,Slider
2024,"Blackburn, Paul",91.9,FF,4-Seam Fastball
2024,"Molina, Anthony",85.3,CH,Changeup
2024,"Ruiz, José",96.4,FF,4-Seam Fastball
2024,"Hudson, Dakota",90,FF,4-Seam Fastball
2024,"Wentz, Joey",85.7,CH,Changeup
2024,"Yarbrough, Ryan",77.4,CH,Changeup
2024,"Severino, Luis",92.6,FC,Cutter
2024,"Morgan, Eli",86.8,SL,Slider
2024,"Miller, Bryce",82.4,ST,Sweeper
2024,"Rea, Colin",86.5,FS,Split-Finger
2024,"Molina, Anthony",88.7,SL,Slider
2024,"Crochet, Garrett",84.2,ST,Sweeper
2024,"Kelly, Merrill",91.9,FF,4-Seam Fastball
2024,"Schreiber, John",92,SI,Sinker
2024,"Vásquez, Randy",90.3,FC,Cutter
2024,"Domínguez, Seranthony",89.6,SL,Slider
2024,"Garrett, Reed",91.6,FC,Cutter
2024,"Darvish, Yu",94.1,FF,4-Seam Fastball
2024,"Mears, Nick",86.5,SL,Slider
2024,"Thorpe, Drew",91,FF,4-Seam Fastball
2024,"Estévez, Carlos",89.4,SL,Slider
2024,"Eflin, Zach",79.7,ST,Sweeper
2024,"Voth, Austin",93.6,FF,4-Seam Fastball
2024,"Mazur, Adam",94.6,FF,4-Seam Fastball
2024,"López, Pablo",94.5,SI,Sinker
2024,"García, Yimi",96.5,FF,4-Seam Fastball
2024,"Cole, Gerrit",88.3,SL,Slider
2024,"Mikolas, Miles",85.6,CH,Changeup
2024,"Voth, Austin",80.8,ST,Sweeper
2024,"Mantiply, Joe",79.2,CU,Curveball
2024,"Wheeler, Zack",86.2,FS,Split-Finger
2024,"Sandoval, Patrick",93.7,FF,4-Seam Fastball
2024,"Skenes, Paul",83,CU,Curveball
2024,"Mlodzinski, Carmen",87.5,SL,Slider
2024,"Burnes, Corbin",97,SI,Sinker
2024,"Uceta, Edwin",88.3,CH,Changeup
2024,"Miller, Bryce",86.6,SL,Slider
2024,"Mantiply, Joe",81,CH,Changeup
2024,"Alexander, Tyler",81.3,CH,Changeup
2024,"Wilson, Bryse",80.4,CU,Curveball
2024,"Avila, Pedro",77.6,CU,Curveball
2024,"Chargois, JT",85.6,SL,Slider
2024,"Assad, Javier",79.9,ST,Sweeper
2024,"Detmers, Reid",75,CU,Curveball
2024,"Hudson, Bryan",86,FC,Cutter
2024,"Thornton, Trent",95.5,FF,4-Seam Fastball
2024,"Priester, Quinn",87.1,SL,Slider
2024,"McCaughan, Darren",89,SI,Sinker
2024,"Williams, Trevor",77,ST,Sweeper
2024,"Javier, Cristian",91.7,FF,4-Seam Fastball
2024,"Lynch IV, Daniel",92.9,FF,4-Seam Fastball
2024,"Milner, Hoby",88.8,FF,4-Seam Fastball
2024,"Holderman, Colin",97.2,SI,Sinker
2024,"Burr, Ryan",94.1,FF,4-Seam Fastball
2024,"Cabrera, Génesis",96,SI,Sinker
2024,"Brazobán, Huascar",96.2,SI,Sinker
2024,"Winn, Keaton",95.7,FF,4-Seam Fastball
2024,"Bido, Osvaldo",85.8,SL,Slider
2024,"Soriano, George",94.1,FF,4-Seam Fastball
2024,"Holderman, Colin",92.1,FC,Cutter
2024,"Estes, Joey",84.8,CH,Changeup
2024,"Johnson, Pierce",95.5,FF,4-Seam Fastball
2024,"Holmes, Clay",83.7,ST,Sweeper
2024,"Vodnik, Victor",90.1,CH,Changeup
2024,"Ramírez, Yohan",81.6,ST,Sweeper
2024,"Little, Brendon",86.7,CU,Curveball
2024,"Brazobán, Huascar",89.1,FC,Cutter
2024,"Vásquez, Randy",82.2,ST,Sweeper
2024,"Wicks, Jordan",82.2,CH,Changeup
2024,"Kershaw, Clayton",85.9,SL,Slider
2024,"Detmers, Reid",84.7,CH,Changeup
2024,"Stratton, Chris",79.2,CU,Curveball
2024,"Thielbar, Caleb",74.1,CU,Curveball
2024,"Weissert, Greg",94,FF,4-Seam Fastball
2024,"Buehler, Walker",94.8,SI,Sinker
2024,"Blackburn, Paul",85.7,CH,Changeup
2024,"Gallen, Zac",86.9,SL,Slider
2024,"Curry, Xzavion",84.6,SL,Slider
2024,"Morton, Charlie",88.5,FC,Cutter
2024,"Banda, Anthony",85.7,SL,Slider
2024,"Kuhl, Chad",93.9,SI,Sinker
2024,"Bassitt, Chris",74.1,ST,Sweeper
2024,"Nicolas, Kyle",85.6,CU,Curveball
2024,"Lively, Ben",83.9,CH,Changeup
2024,"Schreiber, John",92.9,FF,4-Seam Fastball
2024,"Faucher, Calvin",85.7,CU,Curveball
2024,"Cousins, Jake",95.1,SI,Sinker
2024,"Stratton, Hunter",95.5,FF,4-Seam Fastball
2024,"Severino, Luis",86.1,CH,Changeup
2024,"Peralta, Freddy",78.1,CU,Curveball
2024,"Stratton, Hunter",92,FC,Cutter
2024,"Marsh, Alec",86.3,CH,Changeup
2024,"Long, Sam",85.5,SL,Slider
2024,"Stripling, Ross",87.5,FC,Cutter
2024,"Hudson, Bryan",81.5,ST,Sweeper
2024,"Santana, Dennis",90.4,FC,Cutter
2024,"Brito, Jhony",89.8,CH,Changeup
2024,"Barlow, Scott",77.3,CU,Curveball
2024,"Darvish, Yu",93.6,SI,Sinker
2024,"Arrighetti, Spencer",85.6,CH,Changeup
2024,"Holmes, Grant",83.9,CU,Curveball
2024,"Barlow, Scott",91.4,FF,4-Seam Fastball
2024,"Hancock, Emerson",86.5,CH,Changeup
2024,"Suter, Brent",87.4,SI,Sinker
2024,"Ashcraft, Graham",94.8,SI,Sinker
2024,"Greene, Hunter",87,FS,Split-Finger
2024,"Woods Richardson, Simeon",76.1,CU,Curveball
2024,"Adam, Jason",84.3,SL,Slider
2024,"Chivilli, Angel",96.1,FF,4-Seam Fastball
2024,"Aguiar, Julian",94.3,SI,Sinker
2024,"Waldron, Matt",87.1,FC,Cutter
2024,"Skenes, Paul",84.7,ST,Sweeper
2024,"Alexander, Tyler",89.6,SI,Sinker
2024,"Wacha, Michael",75.2,CU,Curveball
2024,"Funderburk, Kody",82.6,ST,Sweeper
2024,"Sánchez, Sixto",83.7,FC,Cutter
2024,"Salazar, Eduardo",87.8,SL,Slider
2024,"Beeks, Jalen",84.9,FC,Cutter
2024,"Dunning, Dane",85.1,CH,Changeup
2024,"Vásquez, Randy",88.6,CH,Changeup
2024,"Miller, Bobby",86.4,CH,Changeup
2024,"Harvey, Hunter",89.2,FS,Split-Finger
2024,"Stanek, Ryne",89.1,FS,Split-Finger
2024,"Nicolas, Kyle",90.9,SL,Slider
2024,"Kelly, Zack",91.1,FC,Cutter
2024,"Black, Mason",92.4,FF,4-Seam Fastball
2024,"Manaea, Sean",88.5,FC,Cutter
2024,"Lorenzen, Michael",90.1,FC,Cutter
2024,"Bednar, David",77.2,CU,Curveball
2024,"Pérez, Cionel",96.5,FF,4-Seam Fastball
2024,"Flexen, Chris",80,ST,Sweeper
2024,"Miller, Erik",83.3,SL,Slider
2024,"Lively, Ben",77.1,CU,Curveball
2024,"Wilson, Justin",88.4,SL,Slider
2024,"Lugo, Seth",87.3,CH,Changeup
2024,"Holton, Tyler",80.6,ST,Sweeper
2024,"Swanson, Erik",84.9,FS,Split-Finger
2024,"Chivilli, Angel",87.8,CH,Changeup
2024,"Freeland, Kyle",85.7,CH,Changeup
2024,"Soriano, George",84,SL,Slider
2024,"Eflin, Zach",92.5,FF,4-Seam Fastball
2024,"Sale, Chris",93.9,SI,Sinker
2024,"Stratton, Chris",86.1,SL,Slider
2024,"Bradley, Taj",79.1,CU,Curveball
2024,"Martin, Chris",94.7,FF,4-Seam Fastball
2024,"Nelson, Ryne",84.2,SL,Slider
2024,"Fleming, Josh",90.4,SI,Sinker
2024,"Erceg, Lucas",98.5,SI,Sinker
2024,"Thompson, Keegan",93.5,FF,4-Seam Fastball
2024,"Suter, Brent",75.5,CH,Changeup
2024,"Crawford, Kutter",77.3,CU,Curveball
2024,"Clase, Emmanuel",91,SL,Slider
2024,"Holton, Tyler",92,FF,4-Seam Fastball
2024,"Severino, Luis",86.8,SL,Slider
2024,"Chirinos, Yonny",85.2,SL,Slider
2024,"Bradish, Kyle",88.2,SL,Slider
2024,"Blackburn, Paul",81.3,ST,Sweeper
2024,"Slaten, Justin",84,ST,Sweeper
2024,"Kelly, Zack",83.6,CH,Changeup
2024,"Faedo, Alex",89.1,CH,Changeup
2024,"Irvin, Jake",89.9,FC,Cutter
2024,"Miller, Bobby",79.8,CU,Curveball
2024,"Harris, Hogan",81.1,CH,Changeup
2024,"Brieske, Beau",86.1,SL,Slider
2024,"Cabrera, Génesis",95.9,FF,4-Seam Fastball
2024,"Estrada, Jeremiah",83.6,FS,Split-Finger
2024,"Sands, Cole",87.8,FS,Split-Finger
2024,"Ferguson, Tyler",84.5,ST,Sweeper
2024,"Paddack, Chris",78.2,CU,Curveball
2024,"Hurter, Brant",83.1,ST,Sweeper
2024,"Lovelady, Richard",86.2,SL,Slider
2024,"Tate, Dillon",79.5,ST,Sweeper
2024,"Ruiz, José",95.8,SI,Sinker
2024,"Muñoz, Andrés",97.5,SI,Sinker
2024,"Cantillo, Joey",77.8,CH,Changeup
2024,"Houser, Adrian",83.2,SL,Slider
2024,"Mazur, Adam",86.8,SL,Slider
2024,"Imanaga, Shota",81.6,ST,Sweeper
2024,"Sánchez, Sixto",85.4,CH,Changeup
2024,"Tinoco, Jesus",96.1,SI,Sinker
2024,"Garrett, Braxton",90,SI,Sinker
2024,"Rodriguez, Eduardo",86.7,CH,Changeup
2024,"Smith, Will",91.2,FF,4-Seam Fastball
2024,"Lambert, Peter",86.9,SL,Slider
2024,"Garrett, Reed",85,ST,Sweeper
2024,"McArthur, James",87.7,SL,Slider
2024,"Leiter, Jack",86.8,SL,Slider
2024,"Brazobán, Huascar",96.6,FF,4-Seam Fastball
2024,"Wilson, Justin",92.3,FC,Cutter
2024,"Bird, Jake",85.5,SL,Slider
2024,"Matz, Steven",83.3,CH,Changeup
2024,"Megill, Tylor",90,FC,Cutter
2024,"Roycroft, Chris",95,FF,4-Seam Fastball
2024,"Bowman, Matt",92.2,SI,Sinker
2024,"Ross, Joe",94.8,FF,4-Seam Fastball
2024,"Irvin, Cole",85.9,FC,Cutter
2024,"Black, Mason",92.6,SI,Sinker
2024,"Puk, A.J.",81.4,ST,Sweeper
2024,"Joyce, Ben",97,SI,Sinker
2024,"Iglesias, Raisel",84.2,SL,Slider
2024,"Domínguez, Seranthony",87,ST,Sweeper
2024,"Smith, Burch",87.6,FC,Cutter
2024,"Brieske, Beau",95.5,SI,Sinker
2024,"Ferguson, Caleb",81.1,SV,Slurve
2024,"Megill, Trevor",87.4,CU,Curveball
2024,"Adams, Austin",93.4,FF,4-Seam Fastball
2024,"Houser, Adrian",93.5,FF,4-Seam Fastball
2024,"Manaea, Sean",85.1,SL,Slider
2024,"Strahm, Matt",81.6,SL,Slider
2024,"Harris, Hogan",72.4,CU,Curveball
2024,"Domínguez, Seranthony",98,SI,Sinker
2024,"Banda, Anthony",96.1,SI,Sinker
2024,"Rodríguez, Manuel",96.7,SI,Sinker
2024,"Garabito, Gerson",93.4,FF,4-Seam Fastball
2024,"Erceg, Lucas",91,CH,Changeup
2024,"Leclerc, José",90.2,FC,Cutter
2024,"Spiers, Carson",86.7,CH,Changeup
2024,"Mayza, Tim",86.9,SL,Slider
2024,"Zerpa, Angel",95.8,FF,4-Seam Fastball
2024,"Stripling, Ross",90.2,SI,Sinker
2024,"Knack, Landon",79.6,CU,Curveball
2024,"Matthews, Zebby",87.2,SL,Slider
2024,"McGough, Scott",85,FS,Split-Finger
2024,"Latz, Jacob",85.9,CH,Changeup
2024,"Law, Derek",95.1,FF,4-Seam Fastball
2024,"Latz, Jacob",83.4,SL,Slider
2024,"Voth, Austin",75.3,CU,Curveball
2024,"Allen, Logan",91.2,SI,Sinker
2024,"Bibee, Tanner",82.9,ST,Sweeper
2024,"Sánchez, Sixto",93.9,FF,4-Seam Fastball
2024,"Lorenzen, Michael",85.2,SL,Slider
2024,"Oller, Adam",85.5,SV,Slurve
2024,"Grove, Michael",96,SI,Sinker
2024,"Toussaint, Touki",85.8,FS,Split-Finger
2024,"Bivens, Spencer",81,ST,Sweeper
2024,"Stripling, Ross",84.7,SL,Slider
2024,"Ray, Robbie",88.4,SL,Slider
2024,"Diekman, Jake",82.7,ST,Sweeper
2024,"Gaddis, Hunter",80.3,CH,Changeup
2024,"Ferguson, Tyler",95.1,SI,Sinker
2024,"Medina, Luis",85.8,SL,Slider
2024,"Lovelady, Richard",92.2,SI,Sinker
2024,"Gausman, Kevin",93.3,SI,Sinker
2024,"Cleavinger, Garrett",80.9,ST,Sweeper
2024,"Walker, Taijuan",91.6,FF,4-Seam Fastball
2024,"Minter, A.J.",89.4,FC,Cutter
2024,"Adam, Jason",78.9,ST,Sweeper
2024,"Williams, Trevor",82.8,CH,Changeup
2024,"Muller, Kyle",85.4,SL,Slider
2024,"Springs, Jeffrey",79.6,CH,Changeup
2024,"Hoeing, Bryan",83,SL,Slider
2024,"Jones, Jared",81.5,CU,Curveball
2024,"Jax, Griffin",92.3,CH,Changeup
2024,"Snell, Blake",88.7,SL,Slider
2024,"Montero, Keider",78.7,CU,Curveball
2024,"Weathers, Ryan",94.6,SI,Sinker
2024,"Avila, Pedro",93,SI,Sinker
2024,"Moll, Sam",92,SI,Sinker
2024,"Mears, Nick",81.5,CU,Curveball
2024,"Leahy, Kyle",89.9,SL,Slider
2024,"Webb, Logan",92.6,FF,4-Seam Fastball
2024,"Darvish, Yu",82.1,ST,Sweeper
2024,"Martinez, Seth",89.8,SI,Sinker
2024,"Mlodzinski, Carmen",92.5,FC,Cutter
2024,"Martin, Davis",89.3,CH,Changeup
2024,"Gonzales, Marco",89.7,FF,4-Seam Fastball
2024,"Boyd, Matthew",80.9,CH,Changeup
2024,"Liberatore, Matthew",91.4,FC,Cutter
2024,"Phillips, Tyler",93.8,SI,Sinker
2024,"Miller, Shelby",88.3,SL,Slider
2024,"Banks, Tanner",82.1,ST,Sweeper
2024,"Payamps, Joel",94.7,SI,Sinker
2024,"Woodford, Jake",80.7,ST,Sweeper
2024,"Kershaw, Clayton",89.9,FF,4-Seam Fastball
2024,"Meyer, Max",86.7,CH,Changeup
2024,"Poche, Colin",83.1,SL,Slider
2024,"Bibee, Tanner",80.5,CU,Curveball
2024,"Puk, A.J.",94.6,SI,Sinker
2024,"Darvish, Yu",75.6,CU,Curveball
2024,"Leiter Jr., Mark",73.5,CU,Curveball
2024,"Iglesias, Raisel",95.5,SI,Sinker
2024,"Glasnow, Tyler",96.5,SI,Sinker
2024,"Wood, Alex",84.5,CH,Changeup
2024,"Phillips, Tyler",82.5,ST,Sweeper
2024,"Javier, Cristian",77.5,ST,Sweeper
2024,"Lynch IV, Daniel",85.9,SL,Slider
2024,"Black, Mason",81.2,ST,Sweeper
2024,"Henry, Tommy",78.1,CU,Curveball
2024,"Quintana, Jose",77.9,SV,Slurve
2024,"Knack, Landon",84.2,CH,Changeup
2024,"García, Luis",87.1,FS,Split-Finger
2024,"Vieira, Thyago",97.7,FF,4-Seam Fastball
2024,"Garabito, Gerson",82.1,CU,Curveball
2024,"Williams, Gavin",91.6,FC,Cutter
2024,"Rodriguez, Eduardo",88.8,FC,Cutter
2024,"Suter, Brent",78.4,SL,Slider
2024,"Corbin, Patrick",91.3,FF,4-Seam Fastball
2024,"Tyler, Kyle",77,CU,Curveball
2024,"Blackburn, Paul",91.2,SI,Sinker
2024,"Montas, Frankie",85.7,SL,Slider
2024,"Garrett, Reed",96.8,FF,4-Seam Fastball
2024,"Kerkering, Orion",96.4,SI,Sinker
2024,"Montero, Keider",85.9,CH,Changeup
2024,"Lorenzen, Michael",81.7,CU,Curveball
2024,"Winckowski, Josh",85.2,SL,Slider
2024,"Woo, Bryan",86.2,SL,Slider
2024,"Booser, Cam",82.3,ST,Sweeper
2024,"Brito, Jhony",96.3,SI,Sinker
2024,"Smith, Burch",80,CU,Curveball
2024,"Thompson, Keegan",89.8,FC,Cutter
2024,"Montero, Rafael",94.8,SI,Sinker
2024,"Brown, Hunter",89.3,SL,Slider
2024,"Sands, Cole",82.4,CU,Curveball
2024,"Winn, Keaton",94.8,SI,Sinker
2024,"King, Michael",85.7,SL,Slider
2024,"Kelly, Joe",98.2,SI,Sinker
2024,"Rodríguez, Yariel",93.3,SI,Sinker
2024,"Stanek, Ryne",88,SL,Slider
2024,"Fried, Max",83.6,SL,Slider
2024,"Gordon, Tanner",85.2,SL,Slider
2024,"Ginn, J.T.",85.4,SL,Slider
2024,"Leasure, Jordan",88.2,SL,Slider
2024,"Woo, Bryan",89.6,CH,Changeup
2024,"Hoeing, Bryan",86.8,FS,Split-Finger
2024,"Pagán, Emilio",86.4,FC,Cutter
2024,"Hall, DL",84.7,CH,Changeup
2024,"Miller, Shelby",86.8,FS,Split-Finger
2024,"Verlander, Justin",84,CH,Changeup
2024,"Cabrera, Edward",96.6,SI,Sinker
2024,"Bido, Osvaldo",88.9,CH,Changeup
2024,"Fleming, Josh",83.2,CH,Changeup
2024,"Wentz, Joey",79.3,CU,Curveball
2024,"Gray, Sonny",88.3,CH,Changeup
2024,"Montero, Rafael",91,CH,Changeup
2024,"López, Jorge",95.6,FF,4-Seam Fastball
2024,"Buttó, José",85,SL,Slider
2024,"Kelly, Merrill",92.4,SI,Sinker
2024,"Suarez, Robert",98.7,SI,Sinker
2024,"Fried, Max",80.5,ST,Sweeper
2024,"Brito, Jhony",96.4,FF,4-Seam Fastball
2024,"Rodríguez, Yariel",78.3,CU,Curveball
2024,"Cecconi, Slade",81.8,CH,Changeup
2024,"Romero, JoJo",85.9,CH,Changeup
2024,"Garrett, Braxton",82.8,SL,Slider
2024,"Woo, Bryan",82.2,ST,Sweeper
2024,"Long, Sam",77.7,CU,Curveball
2024,"Hall, DL",79.7,CU,Curveball
2024,"Winckowski, Josh",91.4,CH,Changeup
2024,"Walker, Taijuan",74.7,CU,Curveball
2024,"Miller, Bobby",97.2,SI,Sinker
2024,"Blach, Ty",82.9,FC,Cutter
2024,"Martin, Davis",89,FC,Cutter
2024,"Doval, Camilo",97.5,SI,Sinker
2024,"Anderson, Chase",93.6,FF,4-Seam Fastball
2024,"Anderson, Chase",80.5,ST,Sweeper
2024,"Moll, Sam",81.3,ST,Sweeper
2024,"Williams, Gavin",88.6,SL,Slider
2024,"Chirinos, Yonny",92.7,SI,Sinker
2024,"Javier, Cristian",81.2,CH,Changeup
2024,"Singer, Brady",82.1,ST,Sweeper
2024,"Morgan, Eli",78.9,CH,Changeup
2024,"López, Jorge",86.6,SL,Slider
2024,"Bido, Osvaldo",86.9,FC,Cutter
2024,"Kolek, Stephen",92.4,FC,Cutter
2024,"Strickland, Hunter",85.1,SL,Slider
2024,"Bellozo, Valente",81.1,CH,Changeup
2024,"Hudson, Dakota",83.5,CH,Changeup
2024,"Garcia, Robert",85.5,SL,Slider
2024,"Bassitt, Chris",84.5,CH,Changeup
2024,"Povich, Cade",86.1,CH,Changeup
2024,"Bradford, Cody",74.9,CU,Curveball
2024,"Mize, Casey",95.5,SI,Sinker
2024,"Megill, Tylor",85.5,SL,Slider
2024,"Strahm, Matt",93.4,SI,Sinker
2024,"Yarbrough, Ryan",83.8,FC,Cutter
2024,"Devenski, Chris",93.2,FF,4-Seam Fastball
2024,"Moore, Matt",82.1,CU,Curveball
2024,"Burke, Brock",87,SL,Slider
2024,"Banks, Tanner",86.2,CH,Changeup
2024,"Ryan, Joe",87.1,SL,Slider
2024,"Scherzer, Max",85,SL,Slider
2024,"Pfaadt, Brandon",80.8,CU,Curveball
2024,"Schreiber, John",88.7,FC,Cutter
2024,"Scott, Christian",83.2,ST,Sweeper
2024,"Eflin, Zach",85.6,CH,Changeup
2024,"Jarvis, Bryce",95.1,SI,Sinker
2024,"Anderson, Nick",95,SI,Sinker
2024,"Kahnle, Tommy",94.2,FF,4-Seam Fastball
2024,"Saucedo, Tayler",85.3,CH,Changeup
2024,"Hamilton, Ian",95.7,SI,Sinker
2024,"Stratton, Hunter",84.1,SL,Slider
2024,"Santana, Dennis",95,SI,Sinker
2024,"Cabrera, Edward",89.2,SL,Slider
2024,"Okert, Steven",93,FF,4-Seam Fastball
2024,"Vest, Will",94.9,SI,Sinker
2024,"Francis, Bowden",81.7,SL,Slider
2024,"Floro, Dylan",89.7,FF,4-Seam Fastball
2024,"Williams, Trevor",81.3,SL,Slider
2024,"Houser, Adrian",84,CH,Changeup
2024,"Milner, Hoby",81.1,CH,Changeup
2024,"Uceta, Edwin",89.3,FC,Cutter
2024,"Peterson, David",79.1,CU,Curveball
2024,"Chafin, Andrew",91.7,FF,4-Seam Fastball
2024,"Honeywell, Brent",80.6,SC,Screwball
2024,"Rodríguez, Yariel",88.9,FS,Split-Finger
2024,"Crochet, Garrett",91,CH,Changeup
2024,"Toussaint, Touki",91.3,SI,Sinker
2024,"Jackson, Luke",84.6,CU,Curveball
2024,"Soroka, Michael",82.1,CH,Changeup
2024,"Scott, Christian",87.3,SL,Slider
2024,"Pivetta, Nick",88.3,FC,Cutter
2024,"Bielak, Brandon",87.4,CH,Changeup
2024,"Maeda, Kenta",90.4,SI,Sinker
2024,"Varland, Louis",84.6,CU,Curveball
2024,"Chavez, Jesse",85.2,CH,Changeup
2024,"Harris, Hogan",78.8,ST,Sweeper
2024,"Soriano, José",92.8,FS,Split-Finger
2024,"McCaughan, Darren",89.4,FF,4-Seam Fastball
2024,"Grove, Michael",93,FC,Cutter
2024,"Gonzales, Marco",80.2,CH,Changeup
2024,"Chapman, Aroldis",91.6,FS,Split-Finger
2024,"Muñoz, Roddery",89.3,CH,Changeup
2024,"Martinez, Justin",100.5,FF,4-Seam Fastball
2024,"Thornton, Trent",82.4,CU,Curveball
2024,"Phillips, Evan",92.8,FC,Cutter
2024,"Jarvis, Bryce",85.1,CH,Changeup
2024,"Walker, Taijuan",87.4,FC,Cutter
2024,"Nelson, Ryne",77.8,CU,Curveball
2024,"Sims, Lucas",90.9,FC,Cutter
2024,"Lowder, Rhett",85,SL,Slider
2024,"Tonkin, Michael",80.7,ST,Sweeper
2024,"Fleming, Josh",87.2,FC,Cutter
2024,"Lowder, Rhett",93.5,FF,4-Seam Fastball
2024,"Bellozo, Valente",73.7,CU,Curveball
2024,"Hamilton, Ian",96.4,FF,4-Seam Fastball
2024,"Law, Derek",94.7,SI,Sinker
2024,"Howard, Spencer",85.3,SL,Slider
2024,"Megill, Tylor",94.6,SI,Sinker
2024,"Kelly, Merrill",85.6,SL,Slider
2024,"Lynch IV, Daniel",84.7,CH,Changeup
2024,"Mize, Casey",79.6,CU,Curveball
2024,"Akin, Keegan",85.6,CH,Changeup
2024,"Kelly, Joe",98.1,FF,4-Seam Fastball
2024,"Rodríguez, Manuel",96.7,FF,4-Seam Fastball
2024,"Williams, Trevor",87.7,SI,Sinker
2024,"Schwellenbach, Spencer",95.1,SI,Sinker
2024,"Dubin, Shawn",81.4,CU,Curveball
2024,"Dubin, Shawn",89,FC,Cutter
2024,"Koenig, Jared",81.1,CU,Curveball
2024,"Skenes, Paul",86.6,SL,Slider
2024,"Barlow, Scott",91.1,SI,Sinker
2024,"Anderson, Justin",94.8,SI,Sinker
2024,"Ramírez, Yohan",94.8,FF,4-Seam Fastball
2024,"Cano, Yennier",87.1,SL,Slider
2024,"Suarez, José",85,SL,Slider
2024,"Funderburk, Kody",93.3,SI,Sinker
2024,"Anderson, Nick",94.6,FF,4-Seam Fastball
2024,"Feltner, Ryan",82.7,ST,Sweeper
2024,"Luzardo, Jesús",94.9,SI,Sinker
2024,"Martinez, Nick",84.9,SL,Slider
2024,"Lorenzen, Michael",82,ST,Sweeper
2024,"Kittredge, Andrew",94,FF,4-Seam Fastball
2024,"Ryan, Joe",92.9,SI,Sinker
2024,"Sandoval, Patrick",76.3,CU,Curveball
2024,"Gonzales, Marco",85.7,FC,Cutter
2024,"Honeywell, Brent",86,SL,Slider
2024,"Bowman, Matt",82.7,ST,Sweeper
2024,"Herrin, Tim",93.9,SI,Sinker
2024,"Lowder, Rhett",92.3,SI,Sinker
2024,"Alexander, Scott",82.7,SL,Slider
2024,"Toussaint, Touki",75.6,CU,Curveball
2024,"Buttó, José",82.7,ST,Sweeper
2024,"Lynn, Lance",84.8,CH,Changeup
2024,"Swanson, Erik",86.8,SL,Slider
2024,"Lynn, Lance",80.4,CU,Curveball
2024,"Dubin, Shawn",88.3,CH,Changeup
2024,"Wesneski, Hayden",93.5,SI,Sinker
2024,"Littell, Zack",79.5,ST,Sweeper
2024,"Bielak, Brandon",92.1,SI,Sinker
2024,"Roycroft, Chris",83.8,ST,Sweeper
2024,"Kopech, Michael",87.1,SL,Slider
2024,"Jarvis, Bryce",89.6,FC,Cutter
2024,"Jones, Jared",89.9,CH,Changeup
2024,"Santillan, Tony",87.1,SL,Slider
2024,"Pepiot, Ryan",91.6,FC,Cutter
2024,"Blach, Ty",79.2,CU,Curveball
2024,"Fernandez, Ryan",90.1,FC,Cutter
2024,"Henry, Tommy",83.7,CH,Changeup
2024,"Cabrera, Génesis",78.9,CU,Curveball
2024,"Baz, Shane",88.1,CH,Changeup
2024,"Musgrove, Joe",87.1,CH,Changeup
2024,"Blackburn, Paul",79.5,CU,Curveball
2024,"Leclerc, José",88.2,CH,Changeup
2024,"Kuhl, Chad",87.4,CH,Changeup
2024,"Suarez, Robert",91.1,CH,Changeup
2024,"Martinez, Seth",84.7,CH,Changeup
2024,"Blalock, Bradley",85.2,SL,Slider
2024,"Pearson, Nate",80.9,CU,Curveball
2024,"Henry, Tommy",90.4,SI,Sinker
2024,"Hjelle, Sean",92.1,FC,Cutter
2024,"Garrett, Reed",96.3,SI,Sinker
2024,"Bird, Jake",81.7,CU,Curveball
2024,"Kochanowicz, Jack",85.4,SL,Slider
2024,"García, Yimi",84.2,CU,Curveball
2024,"Daniel, Davis",81.8,SL,Slider
2024,"Montero, Keider",94.1,SI,Sinker
2024,"Hoffman, Jeff",90.5,FS,Split-Finger
2024,"Kopech, Michael",91.2,FC,Cutter
2024,"Kelly, Joe",90.1,SL,Slider
2024,"Treinen, Blake",90.8,FC,Cutter
2024,"Smith, Cade",82.1,ST,Sweeper
2024,"Sands, Cole",94.6,SI,Sinker
2024,"Winn, Keaton",87.9,SL,Slider
2024,"Priester, Quinn",80.6,CU,Curveball
2024,"Woodford, Jake",88.6,FC,Cutter
2024,"Carrasco, Carlos",80.4,CU,Curveball
2024,"Stripling, Ross",76.3,CU,Curveball
2024,"Suarez, José",78.7,ST,Sweeper
2024,"Cano, Yennier",96.5,FF,4-Seam Fastball
2024,"Matthews, Zebby",90.9,FC,Cutter
2024,"Bielak, Brandon",91.9,FF,4-Seam Fastball
2024,"Gordon, Tanner",83.9,CH,Changeup
2024,"Strahm, Matt",88.5,FC,Cutter
2024,"Povich, Cade",91.5,SI,Sinker
2024,"Buehler, Walker",82.6,ST,Sweeper
2024,"Boyd, Matthew",79.5,SL,Slider
2024,"Bradish, Kyle",84.1,CU,Curveball
2024,"Gray, Jon",88.7,CH,Changeup
2024,"Cecconi, Slade",75.3,CU,Curveball
2024,"Elder, Bryce",85.2,CH,Changeup
2024,"Vest, Will",89,CH,Changeup
2024,"Skenes, Paul",87.3,CH,Changeup
2024,"Springs, Jeffrey",82.9,SL,Slider
2024,"Bellozo, Valente",77.7,ST,Sweeper
2024,"Stone, Gavin",92.3,FC,Cutter
2024,"Contreras, Roansy",89,CH,Changeup
2024,"Mlodzinski, Carmen",84.9,ST,Sweeper
2024,"Contreras, Roansy",94.5,SI,Sinker
2024,"Hoffman, Jeff",96.5,SI,Sinker
2024,"Snider, Collin",89.6,FC,Cutter
2024,"Olson, Reese",79,CU,Curveball
2024,"Paxton, James",82.6,CH,Changeup
2024,"Otañez, Michel",97.4,SI,Sinker
2024,"Phillips, Tyler",92.7,FF,4-Seam Fastball
2024,"Turnbull, Spencer",93.2,SI,Sinker
2024,"Wicks, Jordan",91.7,SI,Sinker
2024,"Hall, DL",84.6,SL,Slider
2024,"Thorpe, Drew",81.6,SL,Slider
2024,"Ottavino, Adam",87.8,FC,Cutter
2024,"Priester, Quinn",93.1,FF,4-Seam Fastball
2024,"García, Luis",82.8,SL,Slider
2024,"Lambert, Peter",81.3,SV,Slurve
2024,"Medina, Luis",95.8,SI,Sinker
2024,"Ramírez, Yohan",81.5,CU,Curveball
2024,"Thornton, Trent",94.8,SI,Sinker
2024,"Pressly, Ryan",89.5,CH,Changeup
2024,"Pop, Zach",86.2,SL,Slider
2024,"Cantillo, Joey",76.2,CU,Curveball
2024,"Elder, Bryce",91.5,FF,4-Seam Fastball
2024,"Steele, Justin",91.5,SI,Sinker
2024,"Ferguson, Tyler",91,FC,Cutter
2024,"Oller, Adam",81.5,CU,Curveball
2024,"Strickland, Hunter",92.7,SI,Sinker
2024,"Hancock, Emerson",82.9,SL,Slider
2024,"Hicks, Jordan",95.3,FF,4-Seam Fastball
2024,"López, Jorge",83,CU,Curveball
2024,"Ginkel, Kevin",94.4,SI,Sinker
2024,"Soto, Gregory",98,FF,4-Seam Fastball
2024,"Megill, Tylor",78.1,CU,Curveball
2024,"Lee, Dylan",85.7,CH,Changeup
2024,"Bivens, Spencer",88.6,CH,Changeup
2024,"Lovelady, Richard",92.4,FF,4-Seam Fastball
2024,"Povich, Cade",88.3,FC,Cutter
2024,"Kolek, Stephen",95.8,FF,4-Seam Fastball
2024,"Leahy, Kyle",85.4,ST,Sweeper
2024,"King, John",83.5,SL,Slider
2024,"McFarland, T.J.",81.4,CH,Changeup
2024,"Priester, Quinn",88.5,CH,Changeup
2024,"Megill, Tylor",84.7,FS,Split-Finger
2024,"Muller, Kyle",79.4,CU,Curveball
2024,"Miller, Bobby",88.6,SL,Slider
2024,"Kuhl, Chad",78.8,ST,Sweeper
2024,"Banks, Tanner",92.1,SI,Sinker
2024,"Contreras, Roansy",77.9,CU,Curveball
2024,"Ottavino, Adam",93.2,FF,4-Seam Fastball
2024,"Aguiar, Julian",84,CH,Changeup
2024,"Maton, Phil",87.5,SI,Sinker
2024,"Thorpe, Drew",86.3,FC,Cutter
2024,"Bernardino, Brennan",86.7,FC,Cutter
2024,"Stratton, Chris",85.1,CH,Changeup
2024,"Jax, Griffin",96.7,SI,Sinker
2024,"Cleavinger, Garrett",95.9,SI,Sinker
2024,"Thompson, Ryan",92.5,FF,4-Seam Fastball
2024,"Ross, Joe",90.2,CH,Changeup
2024,"Kelly, Joe",87.3,CU,Curveball
2024,"Paxton, James",92.5,SI,Sinker
2024,"Smith, Will",85.8,CH,Changeup
2024,"García, Yimi",95.8,SI,Sinker
2024,"Kuhl, Chad",95,FF,4-Seam Fastball
2024,"Zerpa, Angel",88.6,CH,Changeup
2024,"Bido, Osvaldo",94.9,SI,Sinker
2024,"Banda, Anthony",90,CH,Changeup
2024,"Keller, Brad",88.6,CH,Changeup
2024,"Bowman, Matt",90.6,FC,Cutter
2024,"Strickland, Hunter",81.5,ST,Sweeper
2024,"Houser, Adrian",79.6,CU,Curveball
2024,"Bummer, Aaron",93.6,FF,4-Seam Fastball
2024,"Lowder, Rhett",86.2,CH,Changeup
2024,"Floro, Dylan",83.5,CH,Changeup
2024,"Avila, Pedro",83,SL,Slider
2024,"Soriano, José",91.5,SL,Slider
2024,"Burke, Brock",88.9,CH,Changeup
2024,"López, Jorge",87.5,CH,Changeup
2024,"Aguiar, Julian",80.3,SL,Slider
2024,"Junis, Jakob",92.5,FF,4-Seam Fastball
2024,"Wesneski, Hayden",88.1,FC,Cutter
2024,"Varland, Louis",89.4,CH,Changeup
2024,"Minter, A.J.",86.7,CH,Changeup
2024,"Scherzer, Max",74.7,CU,Curveball
2024,"Santana, Dennis",88.5,CH,Changeup
2024,"Scherzer, Max",82.8,CH,Changeup
2024,"Povich, Cade",81.9,ST,Sweeper
2024,"Leiter Jr., Mark",79.6,ST,Sweeper
2024,"Chivilli, Angel",87.4,SL,Slider
2024,"Pop, Zach",93.6,FC,Cutter
2024,"Ferguson, Caleb",94,SI,Sinker
2024,"Howard, Spencer",80.1,CH,Changeup
2024,"Phillips, Evan",95.6,SI,Sinker
2024,"Kuhl, Chad",91.5,FC,Cutter
2024,"Alcala, Jorge",91.1,CH,Changeup
2024,"Stratton, Chris",91.7,SI,Sinker
2024,"Weissert, Greg",84.6,CH,Changeup
2024,"Romero, JoJo",95.1,FF,4-Seam Fastball
2024,"Saucedo, Tayler",82.7,SL,Slider
2024,"Soriano, George",88.4,CH,Changeup
2024,"Bradish, Kyle",94.5,FF,4-Seam Fastball
2024,"Hernández, Jonathan",90,CH,Changeup
2024,"Hernández, Carlos",83.5,CU,Curveball
2024,"Curry, Xzavion",73.9,CU,Curveball
2024,"Fulmer, Carson",82.4,CU,Curveball
2024,"Pagán, Emilio",83.9,FS,Split-Finger
2024,"Yamamoto, Yoshinobu",91.5,FC,Cutter
2024,"Kelly, Merrill",82.2,CU,Curveball
2024,"Blalock, Bradley",85.3,FS,Split-Finger
2024,"Hernández, Carlos",86.8,SL,Slider
2024,"Liberatore, Matthew",78.2,CU,Curveball
2024,"Sandlin, Nick",92.6,SI,Sinker
2024,"Kelly, Kevin",87.8,FC,Cutter
2024,"Povich, Cade",83.4,SL,Slider
2024,"Martin, Chris",88.3,FS,Split-Finger
2024,"De Los Santos, Enyel",87.6,CH,Changeup
2024,"Suarez, José",91.8,SI,Sinker
2024,"Diekman, Jake",94.2,SI,Sinker
2024,"Daniel, Davis",84.5,CH,Changeup
2024,"Chirinos, Yonny",93,FF,4-Seam Fastball
2024,"Ray, Robbie",83.5,CU,Curveball
2024,"Roupp, Landen",88.2,CH,Changeup
2024,"Estévez, Carlos",89.4,CH,Changeup
2024,"Leclerc, José",95,SI,Sinker
2024,"Holmes, Grant",92.6,FC,Cutter
2024,"Wrobleski, Justin",87.4,SL,Slider
2024,"Tinoco, Jesus",96.5,FF,4-Seam Fastball
2024,"Harvey, Hunter",82.3,CU,Curveball
2024,"Garrett, Braxton",90.7,FF,4-Seam Fastball
2024,"Thompson, Keegan",82,CU,Curveball
2024,"Phillips, Tyler",81,CU,Curveball
2024,"Smith, Burch",83.5,ST,Sweeper
2024,"Kolek, Stephen",83.7,ST,Sweeper
2024,"Morejon, Adrian",86.2,KN,Knuckleball
2024,"Treinen, Blake",94.3,FF,4-Seam Fastball
2024,"McArthur, James",94.7,FF,4-Seam Fastball
2024,"Joyce, Ben",86.2,SL,Slider
2024,"Bradford, Cody",82.7,SL,Slider
2024,"Tyler, Kyle",90.6,FF,4-Seam Fastball
2024,"Junis, Jakob",86.6,CH,Changeup
2024,"Turnbull, Spencer",78.8,CU,Curveball
2024,"Robertson, David",83.7,SL,Slider
2024,"Scott, Christian",84.8,FS,Split-Finger
2024,"García, Yimi",86.3,ST,Sweeper
2024,"Kershaw, Clayton",72,CU,Curveball
2024,"García, Luis",80.8,ST,Sweeper
2024,"McGough, Scott",87.1,SL,Slider
2024,"Smith, Will",76.3,CU,Curveball
2024,"Contreras, Roansy",82.9,ST,Sweeper
2024,"McCaughan, Darren",81.1,CH,Changeup
2024,"Cronin, Declan",93.9,FF,4-Seam Fastball
2024,"Cabrera, Génesis",88.2,CH,Changeup
2024,"Neris, Héctor",92.8,SI,Sinker
2024,"Dubin, Shawn",83.1,ST,Sweeper
2024,"Kolek, Stephen",88.2,SL,Slider
2024,"Little, Brendon",93.8,FC,Cutter
2024,"Leiter Jr., Mark",88.6,FC,Cutter
2024,"Hurter, Brant",85.6,CH,Changeup
2024,"Soto, Gregory",83.9,ST,Sweeper
2024,"Chirinos, Yonny",85.7,FS,Split-Finger
2024,"Leiter, Jack",81.4,CU,Curveball
2024,"Rodriguez, Eduardo",91.8,SI,Sinker
2024,"Thompson, Keegan",84.4,ST,Sweeper
2024,"Ginn, J.T.",87,CH,Changeup
2024,"Bowman, Matt",84.3,FS,Split-Finger
2024,"Bielak, Brandon",82.8,ST,Sweeper
2024,"Devenski, Chris",85.2,FC,Cutter
2024,"Williams, Gavin",89.2,CH,Changeup
2024,"Alexander, Scott",84.6,CH,Changeup
2024,"Mazur, Adam",80.7,CU,Curveball
2024,"Tate, Dillon",83.8,CH,Changeup
2024,"Bivens, Spencer",91.1,FC,Cutter
2024,"Garrett, Braxton",83.1,CH,Changeup
2024,"Aguiar, Julian",94.3,FF,4-Seam Fastball
2024,"Chavez, Jesse",75.7,CU,Curveball
2024,"Medina, Luis",81.2,CU,Curveball
2024,"Alcala, Jorge",97.4,SI,Sinker
2024,"Nastrini, Nick",85.8,CH,Changeup
2024,"Anderson, Justin",92.4,FC,Cutter
2024,"Molina, Anthony",82.9,CU,Curveball
2024,"Strickland, Hunter",88.1,CH,Changeup
2024,"Law, Derek",88,CH,Changeup
2024,"Santillan, Tony",86.2,SV,Slurve
2024,"Scott, Tayler",92.7,SI,Sinker
2024,"Payamps, Joel",89.5,CH,Changeup
2024,"Buehler, Walker",90,CH,Changeup
2024,"Foley, Jason",97.2,FF,4-Seam Fastball
2024,"Martin, Davis",78.4,CU,Curveball
2024,"Slaten, Justin",84.3,CU,Curveball
2024,"Faucher, Calvin",88.2,ST,Sweeper
2024,"Matsui, Yuki",80.9,ST,Sweeper
2024,"Oller, Adam",93.4,SI,Sinker
2024,"Jax, Griffin",86.5,CU,Curveball
2024,"Winckowski, Josh",95.1,FF,4-Seam Fastball
2024,"Sims, Lucas",79.8,CU,Curveball
2024,"Jansen, Kenley",93.2,SI,Sinker
2024,"Boyd, Matthew",91.8,SI,Sinker
2024,"Tyler, Kyle",82.2,SL,Slider
2024,"Leasure, Jordan",78.6,CU,Curveball
2024,"Leahy, Kyle",89.8,CH,Changeup
2024,"Hernández, Carlos",89.9,FS,Split-Finger
2024,"Armstrong, Shawn",85.2,ST,Sweeper
2024,"Saucedo, Tayler",80.9,ST,Sweeper
2024,"Wrobleski, Justin",82.2,CU,Curveball
2024,"Nastrini, Nick",79.2,CU,Curveball
2024,"Darvish, Yu",88.4,CH,Changeup
2024,"Lynch IV, Daniel",92.7,SI,Sinker
2024,"Peralta, Wandy",88.6,SL,Slider
2024,"Martin, Chris",94,SI,Sinker
2024,"Black, Mason",87.4,SL,Slider
2024,"Diekman, Jake",87,CH,Changeup
2024,"Long, Sam",87.6,FS,Split-Finger
2024,"Mazur, Adam",89.9,CH,Changeup
2024,"Cantillo, Joey",82.6,SL,Slider
2024,"Hancock, Emerson",86.3,FC,Cutter
2024,"Rodriguez, Eduardo",84,SL,Slider
2024,"Finnegan, Kyle",85.4,SL,Slider
2024,"García, Yimi",88.7,CH,Changeup
2024,"Helsley, Ryan",81.2,CU,Curveball
2024,"Weissert, Greg",85.5,SL,Slider
2024,"Bernardino, Brennan",84.1,SL,Slider
2024,"Grove, Michael",79.9,CU,Curveball
2024,"Blalock, Bradley",79.5,CU,Curveball
2024,"Garabito, Gerson",86.6,CH,Changeup
2024,"Muller, Kyle",86.9,CH,Changeup
2024,"Medina, Luis",89.6,CH,Changeup
2024,"Matthews, Zebby",85.8,CH,Changeup
2024,"Matz, Steven",77.6,CU,Curveball
2024,"Moll, Sam",85.3,CH,Changeup
2024,"Vesia, Alex",85.5,CH,Changeup
2024,"Brito, Jhony",86.7,SL,Slider
2024,"Okert, Steven",92.9,SI,Sinker
2024,"García, Luis",96.1,FF,4-Seam Fastball
2024,"Gonzales, Marco",79,CU,Curveball
2024,"Schreiber, John",85.9,CH,Changeup
2024,"Garabito, Gerson",92.1,SI,Sinker
2024,"Boyd, Matthew",74.1,CU,Curveball
2024,"Garrett, Braxton",86.4,FC,Cutter
2024,"Faedo, Alex",93.5,SI,Sinker
2024,"Rodríguez, Randy",96.3,SI,Sinker
2024,"Henry, Tommy",82.9,SL,Slider
2024,"Kolek, Stephen",88.7,CH,Changeup
2024,"Wicks, Jordan",78.4,CU,Curveball
2024,"Kochanowicz, Jack",96.2,FF,4-Seam Fastball
2024,"Matz, Steven",88.1,SL,Slider
2024,"Hill, Tim",82.2,SL,Slider
2024,"Foley, Jason",92.2,CH,Changeup
2024,"Hudson, Daniel",95.1,SI,Sinker
2024,"Montero, Rafael",86.2,SL,Slider
2024,"Wicks, Jordan",86,SL,Slider
2024,"Matthews, Zebby",81.7,CU,Curveball
2024,"Wilson, Steven",81.7,CH,Changeup
2024,"Wrobleski, Justin",84.5,ST,Sweeper
2024,"Oller, Adam",86.9,CH,Changeup
2024,"Rodríguez, Randy",89.7,CH,Changeup
2024,"Bird, Jake",91.6,FC,Cutter
2024,"Aguiar, Julian",78,CU,Curveball
2024,"Bielak, Brandon",80.8,CU,Curveball
2024,"Okert, Steven",88.8,CH,Changeup
2024,"Bummer, Aaron",87.4,FC,Cutter
2024,"Turnbull, Spencer",84.8,SL,Slider
2024,"Turnbull, Spencer",87.7,CH,Changeup
2024,"Jansen, Kenley",82.5,SL,Slider
2024,"Peralta, Wandy",95.4,FF,4-Seam Fastball
2024,"Gonzales, Marco",90.1,SI,Sinker
2024,"Keller, Brad",83.8,ST,Sweeper
2024,"Lovelady, Richard",83.4,ST,Sweeper
2024,"Hurter, Brant",92.1,FF,4-Seam Fastball
2024,"Leahy, Kyle",81.6,CU,Curveball
2024,"Kahnle, Tommy",86.3,SL,Slider
2024,"Bivens, Spencer",94.5,FF,4-Seam Fastball
2024,"Latz, Jacob",76.4,CU,Curveball
2024,"Devenski, Chris",77.7,ST,Sweeper
2024,"Burke, Brock",93.9,SI,Sinker
2024,"Scherzer, Max",86.6,FC,Cutter
2024,"Phillips, Tyler",85.8,FS,Split-Finger
2024,"Toussaint, Touki",91.6,FF,4-Seam Fastball
2024,"Daniel, Davis",74.3,CU,Curveball
2024,"Leiter, Jack",89.5,CH,Changeup
2024,"Lynch IV, Daniel",80.4,CU,Curveball
2024,"Kelly, Joe",88.4,CH,Changeup
2024,"Howard, Spencer",75.7,CU,Curveball
2024,"Salazar, Eduardo",95.4,FF,4-Seam Fastball
2024,"Anderson, Nick",88.2,CH,Changeup
2024,"Fleming, Josh",77.9,CU,Curveball
2024,"Woodford, Jake",85.6,CH,Changeup
2024,"Wrobleski, Justin",85.8,CH,Changeup
2024,"Chargois, JT",94.5,FF,4-Seam Fastball